﻿{"version":"1.1.0","events":[{"name":"User Action","component":"Report Canvas","start":"2021-04-24T23:30:36.000Z","id":"355739ca2d57e5628aef","metrics":{"sourceLabel":"UserAction_StartedMonitoring"}},{"name":"User Action","component":"Report Canvas","start":"2021-04-24T23:30:39.169Z","id":"b3448091c2041e54238c","metrics":{"sourceLabel":"UserAction_CrossHighlight"}},{"name":"Visual Container Lifecycle","component":"Report Canvas","start":"2021-04-24T23:30:39.180Z","end":"2021-04-24T23:30:40.215Z","id":"ece012620dbe3890332e-339c2165e7532fd708c4","metrics":{"status":1,"visualTitle":"Motivo de Desligamento","visualId":"ece012620dbe3890332e","visualType":"donutChart"}},{"name":"Query","component":"Report Canvas","start":"2021-04-24T23:30:39.182Z","end":"2021-04-24T23:30:40.176Z","id":"f9b8b6c43955aa44c754","parentId":"ece012620dbe3890332e-339c2165e7532fd708c4"},{"name":"Query Generation","component":"Report Canvas","start":"2021-04-24T23:30:39.294Z","end":"2021-04-24T23:30:39.296Z","id":"5bc2f4dab2162bdebcfb","parentId":"ece012620dbe3890332e-339c2165e7532fd708c4"},{"name":"Render","component":"Report Canvas","start":"2021-04-24T23:30:40.174Z","end":"2021-04-24T23:30:40.214Z","id":"0a8c937c66746ac1eae5","parentId":"ece012620dbe3890332e-339c2165e7532fd708c4"},{"name":"Data View Transform","component":"Report Canvas","start":"2021-04-24T23:30:40.180Z","end":"2021-04-24T23:30:40.182Z","id":"8f2b3f24689a7c2ec047","parentId":"0a8c937c66746ac1eae5"},{"name":"Execute Semantic Query","component":"DSE","start":"2021-04-24T23:30:40.099Z","end":"2021-04-24T23:30:40.132Z","id":"0ecb3167-ae62-44c3-8327-79b166970549","parentId":"f9b8b6c43955aa44c754"},{"name":"Query Generation","component":"Report Canvas","start":"2021-04-24T23:30:39.263Z","end":"2021-04-24T23:30:39.266Z","id":"c206206b9942fa0daad4","parentId":"f9b8b6c43955aa44c754"},{"name":"Query Pending","component":"Report Canvas","start":"2021-04-24T23:30:39.866Z","end":"2021-04-24T23:30:39.981Z","id":"88a350a7a2e16a0e13ca","parentId":"f9b8b6c43955aa44c754"},{"name":"Parse Query Result","component":"Report Canvas","start":"2021-04-24T23:30:40.166Z","end":"2021-04-24T23:30:40.172Z","id":"621fe1d0b19d7aa0e120","parentId":"f9b8b6c43955aa44c754"},{"name":"Execute DAX Query","component":"DSE","start":"2021-04-24T23:30:40.102Z","end":"2021-04-24T23:30:40.129Z","id":"b672c809-0b4b-429a-a981-2fdf3a77d797","parentId":"0ecb3167-ae62-44c3-8327-79b166970549","metrics":{"QueryText":"DEFINE\r\n  VAR __DS0FilterTable = \r\n    FILTER(\r\n      KEEPFILTERS(VALUES('Tb_contratacoes'[Status])),\r\n      NOT('Tb_contratacoes'[Status] IN {\"Ativo\"})\r\n    )\r\n\r\n  VAR __DS0Core = \r\n    SUMMARIZECOLUMNS(\r\n      'Tb_contratacoes'[Status],\r\n      __DS0FilterTable,\r\n      \"CountStatus\", CALCULATE(COUNTA('Tb_contratacoes'[Status]))\r\n    )\r\n\r\n  VAR __DS0BodyLimited = \r\n    TOPN(1002, __DS0Core, [CountStatus], 0, 'Tb_contratacoes'[Status], 1)\r\n\r\nEVALUATE\r\n  __DS0BodyLimited\r\n\r\nORDER BY\r\n  [CountStatus] DESC, 'Tb_contratacoes'[Status]","RowCount":2}},{"name":"Execute Query","component":"AS","start":"2021-04-24T23:30:40.120Z","end":"2021-04-24T23:30:40.127Z","id":"4B53E68A-FC13-47E2-ADA4-60253A100D5B","parentId":"b672c809-0b4b-429a-a981-2fdf3a77d797"},{"name":"Serialize Rowset","component":"AS","start":"2021-04-24T23:30:40.127Z","end":"2021-04-24T23:30:40.127Z","id":"1F717849-7CB6-4D61-A199-470AF597EA86","parentId":"4B53E68A-FC13-47E2-ADA4-60253A100D5B"},{"name":"Visual Container Lifecycle","component":"Report Canvas","start":"2021-04-24T23:30:39.187Z","end":"2021-04-24T23:30:40.507Z","id":"821ea1e3a1e600702409-e90786e52e725cbfc028","metrics":{"status":1,"visualTitle":"Admissoes, Desligamentos e Saldo por Mês","visualId":"821ea1e3a1e600702409","visualType":"lineClusteredColumnComboChart"}},{"name":"Query","component":"Report Canvas","start":"2021-04-24T23:30:39.188Z","end":"2021-04-24T23:30:40.507Z","id":"ac6bda3e11ec4eeb8cbd","parentId":"821ea1e3a1e600702409-e90786e52e725cbfc028"},{"name":"Query Generation","component":"Report Canvas","start":"2021-04-24T23:30:39.297Z","end":"2021-04-24T23:30:39.304Z","id":"2c64c22bb096af75fa77","parentId":"821ea1e3a1e600702409-e90786e52e725cbfc028"},{"name":"Query Generation","component":"Report Canvas","start":"2021-04-24T23:30:39.270Z","end":"2021-04-24T23:30:39.278Z","id":"e79bd1e24158544e499a","parentId":"ac6bda3e11ec4eeb8cbd"},{"name":"Query Pending","component":"Report Canvas","start":"2021-04-24T23:30:39.870Z","end":"2021-04-24T23:30:39.985Z","id":"9aaba06e016bb74b7a20","parentId":"ac6bda3e11ec4eeb8cbd"},{"name":"Visual Container Lifecycle","component":"Report Canvas","start":"2021-04-24T23:30:39.194Z","end":"2021-04-24T23:30:40.509Z","id":"26702e5b553e50d973a1-fd8b1e8ba9e8f2e25fe0","metrics":{"status":1,"visualTitle":"Turnover Geral X Turnover Desligamento","visualId":"26702e5b553e50d973a1","visualType":"areaChart"}},{"name":"Query","component":"Report Canvas","start":"2021-04-24T23:30:39.195Z","end":"2021-04-24T23:30:40.508Z","id":"f82a2df6e9cd2565cece","parentId":"26702e5b553e50d973a1-fd8b1e8ba9e8f2e25fe0"},{"name":"Query Generation","component":"Report Canvas","start":"2021-04-24T23:30:39.306Z","end":"2021-04-24T23:30:39.310Z","id":"771186049221903cae05","parentId":"26702e5b553e50d973a1-fd8b1e8ba9e8f2e25fe0"},{"name":"Query Generation","component":"Report Canvas","start":"2021-04-24T23:30:39.280Z","end":"2021-04-24T23:30:39.285Z","id":"21da7206606104c8569c","parentId":"f82a2df6e9cd2565cece"},{"name":"Query Pending","component":"Report Canvas","start":"2021-04-24T23:30:39.877Z","end":"2021-04-24T23:30:39.990Z","id":"242da3c9866fcda582d2","parentId":"f82a2df6e9cd2565cece"},{"name":"Visual Container Lifecycle","component":"Report Canvas","start":"2021-04-24T23:30:39.201Z","end":"2021-04-24T23:30:40.310Z","id":"1511b49c3abd2805c440-0f5af46a5ad7eb26c8ff","metrics":{"status":1,"visualTitle":"Cartão","visualId":"1511b49c3abd2805c440","visualType":"card"}},{"name":"Query","component":"Report Canvas","start":"2021-04-24T23:30:39.202Z","end":"2021-04-24T23:30:40.299Z","id":"beb376cc92837e0f1540","parentId":"1511b49c3abd2805c440-0f5af46a5ad7eb26c8ff"},{"name":"Query Generation","component":"Report Canvas","start":"2021-04-24T23:30:39.311Z","end":"2021-04-24T23:30:39.313Z","id":"f1a29a40894b8bdf5544","parentId":"1511b49c3abd2805c440-0f5af46a5ad7eb26c8ff"},{"name":"Render","component":"Report Canvas","start":"2021-04-24T23:30:40.298Z","end":"2021-04-24T23:30:40.310Z","id":"e656e9640cdf04789648","parentId":"1511b49c3abd2805c440-0f5af46a5ad7eb26c8ff"},{"name":"Data View Transform","component":"Report Canvas","start":"2021-04-24T23:30:40.301Z","end":"2021-04-24T23:30:40.302Z","id":"0f1a52fc966d6f1c7539","parentId":"e656e9640cdf04789648"},{"name":"Execute Semantic Query","component":"DSE","start":"2021-04-24T23:30:40.099Z","end":"2021-04-24T23:30:40.138Z","id":"8f6f33ff-9bb1-49ae-922a-b9c0245cb4f2","parentId":"beb376cc92837e0f1540"},{"name":"Query Generation","component":"Report Canvas","start":"2021-04-24T23:30:39.287Z","end":"2021-04-24T23:30:39.289Z","id":"7b980a38b8d3e9bd9e2e","parentId":"beb376cc92837e0f1540"},{"name":"Query Pending","component":"Report Canvas","start":"2021-04-24T23:30:39.877Z","end":"2021-04-24T23:30:39.983Z","id":"326e298157c97d5cc161","parentId":"beb376cc92837e0f1540"},{"name":"Parse Query Result","component":"Report Canvas","start":"2021-04-24T23:30:40.296Z","end":"2021-04-24T23:30:40.297Z","id":"ca98f3f8ea250e5092ce","parentId":"beb376cc92837e0f1540"},{"name":"Execute DAX Query","component":"DSE","start":"2021-04-24T23:30:40.102Z","end":"2021-04-24T23:30:40.136Z","id":"8cf132d6-c708-4845-970b-bcc6d4097328","parentId":"8f6f33ff-9bb1-49ae-922a-b9c0245cb4f2","metrics":{"QueryText":"DEFINE VAR __DS0FilterTable = \r\n  FILTER(\r\n    KEEPFILTERS(VALUES('Tb_contratacoes'[Status])),\r\n    AND(\r\n      'Tb_contratacoes'[Status] IN {\"Saída voluntária\"},\r\n      NOT('Tb_contratacoes'[Status] IN {\"Ativo\"})\r\n    )\r\n  )\r\n\r\nEVALUATE\r\n  SUMMARIZECOLUMNS(__DS0FilterTable, \"FuncionariosAtivos\", IGNORE('Medidas'[FuncionariosAtivos]))","RowCount":1}},{"name":"Execute Query","component":"AS","start":"2021-04-24T23:30:40.120Z","end":"2021-04-24T23:30:40.133Z","id":"D61982C0-17BD-4BBB-853B-D320E513E360","parentId":"8cf132d6-c708-4845-970b-bcc6d4097328"},{"name":"Serialize Rowset","component":"AS","start":"2021-04-24T23:30:40.133Z","end":"2021-04-24T23:30:40.133Z","id":"3606201A-C9B8-44E3-9864-08E4184575C7","parentId":"D61982C0-17BD-4BBB-853B-D320E513E360"},{"name":"Visual Container Lifecycle","component":"Report Canvas","start":"2021-04-24T23:30:39.206Z","end":"2021-04-24T23:30:40.509Z","id":"e9b48e0dbca5e56d69e1-88fc42499a3abf606410","metrics":{"status":1,"visualTitle":"Cartão","visualId":"e9b48e0dbca5e56d69e1","visualType":"card"}},{"name":"Query","component":"Report Canvas","start":"2021-04-24T23:30:39.207Z","end":"2021-04-24T23:30:40.509Z","id":"babb21d452e2dbf8bc1b","parentId":"e9b48e0dbca5e56d69e1-88fc42499a3abf606410"},{"name":"Query Generation","component":"Report Canvas","start":"2021-04-24T23:30:39.314Z","end":"2021-04-24T23:30:39.316Z","id":"629188268b7ea2a615a8","parentId":"e9b48e0dbca5e56d69e1-88fc42499a3abf606410"},{"name":"Query Generation","component":"Report Canvas","start":"2021-04-24T23:30:39.291Z","end":"2021-04-24T23:30:39.292Z","id":"be9197c82fb6fae16d47","parentId":"babb21d452e2dbf8bc1b"},{"name":"Query Pending","component":"Report Canvas","start":"2021-04-24T23:30:39.878Z","end":"2021-04-24T23:30:39.986Z","id":"31549b2131b48e90b1f3","parentId":"babb21d452e2dbf8bc1b"},{"name":"Visual Container Lifecycle","component":"Report Canvas","start":"2021-04-24T23:30:39.354Z","end":"2021-04-24T23:30:40.629Z","id":"431a280240586d03304a-da8cc7a89aeab3029b7a","metrics":{"status":1,"visualTitle":"TurnoverGeral e MetaTurnoverGeral por Ano","visualId":"431a280240586d03304a","visualType":"kpi"}},{"name":"Query","component":"Report Canvas","start":"2021-04-24T23:30:39.355Z","end":"2021-04-24T23:30:40.628Z","id":"f91ddf809ee399bac007","parentId":"431a280240586d03304a-da8cc7a89aeab3029b7a"},{"name":"Query Generation","component":"Report Canvas","start":"2021-04-24T23:30:39.400Z","end":"2021-04-24T23:30:39.402Z","id":"a2ccf295a2ebd2b6af88","parentId":"431a280240586d03304a-da8cc7a89aeab3029b7a"},{"name":"Query Generation","component":"Report Canvas","start":"2021-04-24T23:30:39.392Z","end":"2021-04-24T23:30:39.394Z","id":"50dd420a22ae0b87ee7f","parentId":"f91ddf809ee399bac007"},{"name":"Query Pending","component":"Report Canvas","start":"2021-04-24T23:30:39.879Z","end":"2021-04-24T23:30:39.984Z","id":"8c5bc37dd12bb216090d","parentId":"f91ddf809ee399bac007"},{"name":"Visual Container Lifecycle","component":"Report Canvas","start":"2021-04-24T23:30:39.359Z","end":"2021-04-24T23:30:40.629Z","id":"c2061f60d3deaedab690-b5de5894256e2074e179","metrics":{"status":1,"visualTitle":"Admissoes e MetaAbsenteismo por Ano","visualId":"c2061f60d3deaedab690","visualType":"kpi"}},{"name":"Query","component":"Report Canvas","start":"2021-04-24T23:30:39.360Z","end":"2021-04-24T23:30:40.629Z","id":"d9eef5c97e2cd428865c","parentId":"c2061f60d3deaedab690-b5de5894256e2074e179"},{"name":"Query Generation","component":"Report Canvas","start":"2021-04-24T23:30:39.403Z","end":"2021-04-24T23:30:39.406Z","id":"d9f6e3828785b842b343","parentId":"c2061f60d3deaedab690-b5de5894256e2074e179"},{"name":"Query Generation","component":"Report Canvas","start":"2021-04-24T23:30:39.396Z","end":"2021-04-24T23:30:39.399Z","id":"09b30edba5ad4ca2d344","parentId":"d9eef5c97e2cd428865c"},{"name":"Query Pending","component":"Report Canvas","start":"2021-04-24T23:30:39.880Z","end":"2021-04-24T23:30:39.988Z","id":"823384cb8701eaa2f7ee","parentId":"d9eef5c97e2cd428865c"},{"name":"User Action","component":"Report Canvas","start":"2021-04-24T23:30:40.382Z","id":"6a45fb86ec74f0255b70","metrics":{"sourceLabel":"UserAction_CrossHighlight"}},{"name":"Visual Container Lifecycle","component":"Report Canvas","start":"2021-04-24T23:30:40.412Z","end":"2021-04-24T23:30:41.051Z","id":"821ea1e3a1e600702409-449fbb011ad1b0a398b9","metrics":{"status":1,"visualTitle":"Admissoes, Desligamentos e Saldo por Mês","visualId":"821ea1e3a1e600702409","visualType":"lineClusteredColumnComboChart"}},{"name":"Query","component":"Report Canvas","start":"2021-04-24T23:30:40.414Z","end":"2021-04-24T23:30:40.975Z","id":"bd331f2d6e2bfc4889e5","parentId":"821ea1e3a1e600702409-449fbb011ad1b0a398b9"},{"name":"Query Generation","component":"Report Canvas","start":"2021-04-24T23:30:40.517Z","end":"2021-04-24T23:30:40.522Z","id":"973372aa976d5f739e62","parentId":"821ea1e3a1e600702409-449fbb011ad1b0a398b9"},{"name":"Render","component":"Report Canvas","start":"2021-04-24T23:30:40.974Z","end":"2021-04-24T23:30:41.051Z","id":"0ed63d4fc4cc45c69896","parentId":"821ea1e3a1e600702409-449fbb011ad1b0a398b9"},{"name":"Data View Transform","component":"Report Canvas","start":"2021-04-24T23:30:40.979Z","end":"2021-04-24T23:30:40.984Z","id":"d3c7a9909311011347ac","parentId":"0ed63d4fc4cc45c69896"},{"name":"Execute Semantic Query","component":"DSE","start":"2021-04-24T23:30:40.884Z","end":"2021-04-24T23:30:40.901Z","id":"8fc488e3-09bb-48af-be49-db59fd12df73","parentId":"bd331f2d6e2bfc4889e5"},{"name":"Query Generation","component":"Report Canvas","start":"2021-04-24T23:30:40.480Z","end":"2021-04-24T23:30:40.484Z","id":"c3b4e28b6852b513be58","parentId":"bd331f2d6e2bfc4889e5"},{"name":"Query Pending","component":"Report Canvas","start":"2021-04-24T23:30:40.866Z","end":"2021-04-24T23:30:40.869Z","id":"a6b2a0296d421e92318a","parentId":"bd331f2d6e2bfc4889e5"},{"name":"Parse Query Result","component":"Report Canvas","start":"2021-04-24T23:30:40.968Z","end":"2021-04-24T23:30:40.972Z","id":"752b10123cd4f7c04664","parentId":"bd331f2d6e2bfc4889e5"},{"name":"Execute DAX Query","component":"DSE","start":"2021-04-24T23:30:40.886Z","end":"2021-04-24T23:30:40.899Z","id":"c5824be1-56d5-4809-bc6f-ec8c86119e69","parentId":"8fc488e3-09bb-48af-be49-db59fd12df73","metrics":{"QueryText":"DEFINE\r\n  VAR __DS0Core = \r\n    SUMMARIZECOLUMNS(\r\n      'LocalDateTable_2efb5bfb-4a4e-454c-a67f-f3ef435efc57'[Mês],\r\n      'LocalDateTable_2efb5bfb-4a4e-454c-a67f-f3ef435efc57'[MonthNo],\r\n      \"Admissoes\", 'Medidas'[Admissoes],\r\n      \"Desligamentos\", 'Medidas'[Desligamentos],\r\n      \"Saldo\", 'Medidas'[Saldo]\r\n    )\r\n\r\n  VAR __DS0PrimaryWindowed = \r\n    TOPN(\r\n      1001,\r\n      __DS0Core,\r\n      'LocalDateTable_2efb5bfb-4a4e-454c-a67f-f3ef435efc57'[MonthNo],\r\n      1,\r\n      'LocalDateTable_2efb5bfb-4a4e-454c-a67f-f3ef435efc57'[Mês],\r\n      1\r\n    )\r\n\r\nEVALUATE\r\n  __DS0PrimaryWindowed\r\n\r\nORDER BY\r\n  'LocalDateTable_2efb5bfb-4a4e-454c-a67f-f3ef435efc57'[MonthNo],\r\n  'LocalDateTable_2efb5bfb-4a4e-454c-a67f-f3ef435efc57'[Mês]","RowCount":12}},{"name":"Execute Query","component":"AS","start":"2021-04-24T23:30:40.890Z","end":"2021-04-24T23:30:40.897Z","id":"AE2B03D8-7731-4371-AC03-B0E9381ED59C","parentId":"c5824be1-56d5-4809-bc6f-ec8c86119e69"},{"name":"Serialize Rowset","component":"AS","start":"2021-04-24T23:30:40.897Z","end":"2021-04-24T23:30:40.897Z","id":"9889F30D-9F80-4875-BA97-EE059C52DC8D","parentId":"AE2B03D8-7731-4371-AC03-B0E9381ED59C"},{"name":"Visual Container Lifecycle","component":"Report Canvas","start":"2021-04-24T23:30:40.419Z","end":"2021-04-24T23:30:41.269Z","id":"26702e5b553e50d973a1-9b1de34914365b1171e5","metrics":{"status":1,"visualTitle":"Turnover Geral X Turnover Desligamento","visualId":"26702e5b553e50d973a1","visualType":"areaChart"}},{"name":"Query","component":"Report Canvas","start":"2021-04-24T23:30:40.421Z","end":"2021-04-24T23:30:41.203Z","id":"6c0442002b9c1c90c161","parentId":"26702e5b553e50d973a1-9b1de34914365b1171e5"},{"name":"Query Generation","component":"Report Canvas","start":"2021-04-24T23:30:40.523Z","end":"2021-04-24T23:30:40.528Z","id":"78ded72f83411ecc10f0","parentId":"26702e5b553e50d973a1-9b1de34914365b1171e5"},{"name":"Render","component":"Report Canvas","start":"2021-04-24T23:30:41.202Z","end":"2021-04-24T23:30:41.269Z","id":"d74341dfc9d7c1633131","parentId":"26702e5b553e50d973a1-9b1de34914365b1171e5"},{"name":"Data View Transform","component":"Report Canvas","start":"2021-04-24T23:30:41.208Z","end":"2021-04-24T23:30:41.212Z","id":"daa52ee5f63031515b00","parentId":"d74341dfc9d7c1633131"},{"name":"Execute Semantic Query","component":"DSE","start":"2021-04-24T23:30:40.916Z","end":"2021-04-24T23:30:40.943Z","id":"90c420bc-daeb-43a4-875e-f958d253683f","parentId":"6c0442002b9c1c90c161"},{"name":"Query Generation","component":"Report Canvas","start":"2021-04-24T23:30:40.489Z","end":"2021-04-24T23:30:40.495Z","id":"cb78edd5f8708da354b3","parentId":"6c0442002b9c1c90c161"},{"name":"Query Pending","component":"Report Canvas","start":"2021-04-24T23:30:40.867Z","end":"2021-04-24T23:30:40.873Z","id":"c3eba8dd79fa54e5abdf","parentId":"6c0442002b9c1c90c161"},{"name":"Parse Query Result","component":"Report Canvas","start":"2021-04-24T23:30:41.198Z","end":"2021-04-24T23:30:41.200Z","id":"1a90d2b2f14d81732a65","parentId":"6c0442002b9c1c90c161"},{"name":"Execute DAX Query","component":"DSE","start":"2021-04-24T23:30:40.919Z","end":"2021-04-24T23:30:40.941Z","id":"6c51bde2-d580-408e-9233-45aec71dd3e7","parentId":"90c420bc-daeb-43a4-875e-f958d253683f","metrics":{"QueryText":"DEFINE\r\n  VAR __DS0Core = \r\n    SUMMARIZECOLUMNS(\r\n      'LocalDateTable_2efb5bfb-4a4e-454c-a67f-f3ef435efc57'[Ano],\r\n      \"TurnoverGeral\", 'Medidas'[TurnoverGeral],\r\n      \"TurnoverDesligamento\", 'Medidas'[TurnoverDesligamento],\r\n      \"MinDate\", IGNORE(CALCULATE(MIN('LocalDateTable_2efb5bfb-4a4e-454c-a67f-f3ef435efc57'[Date])))\r\n    )\r\n\r\n  VAR __DS0IntersectionCount = CALCULATE(COUNTROWS(__DS0Core))\r\n\r\n  VAR __DS0BodyBinnedSample = \r\n    SAMPLEAXISWITHLOCALMINMAX(\r\n      3500,\r\n      __DS0Core,\r\n      [MinDate],\r\n      [TurnoverGeral],\r\n      [TurnoverDesligamento],\r\n      350,\r\n      ,\r\n      ALPHABETICAL,\r\n      ASC,\r\n      105000,\r\n      60\r\n    )\r\n\r\nEVALUATE\r\n  ROW(\r\n  \"DS0IntersectionCount\", __DS0IntersectionCount\r\n)\r\n\r\nEVALUATE\r\n  __DS0BodyBinnedSample\r\n\r\nORDER BY\r\n  'LocalDateTable_2efb5bfb-4a4e-454c-a67f-f3ef435efc57'[Ano]","RowCount":14}},{"name":"Execute Query","component":"AS","start":"2021-04-24T23:30:40.923Z","end":"2021-04-24T23:30:40.940Z","id":"B87FD77B-5E50-470F-8DD0-1A20975F3D01","parentId":"6c51bde2-d580-408e-9233-45aec71dd3e7"},{"name":"Serialize Rowset","component":"AS","start":"2021-04-24T23:30:40.940Z","end":"2021-04-24T23:30:40.940Z","id":"FD14F1BF-F4E0-4C47-9C25-58B32DA4AD0E","parentId":"B87FD77B-5E50-470F-8DD0-1A20975F3D01"},{"name":"Visual Container Lifecycle","component":"Report Canvas","start":"2021-04-24T23:30:40.429Z","end":"2021-04-24T23:30:41.168Z","id":"1511b49c3abd2805c440-e224572fceac69ad643d","metrics":{"status":1,"visualTitle":"Cartão","visualId":"1511b49c3abd2805c440","visualType":"card"}},{"name":"Query","component":"Report Canvas","start":"2021-04-24T23:30:40.430Z","end":"2021-04-24T23:30:41.110Z","id":"b74a8473383c3a7cf554","parentId":"1511b49c3abd2805c440-e224572fceac69ad643d"},{"name":"Query Generation","component":"Report Canvas","start":"2021-04-24T23:30:40.528Z","end":"2021-04-24T23:30:40.529Z","id":"aa2fe8e73a9b1a287cd2","parentId":"1511b49c3abd2805c440-e224572fceac69ad643d"},{"name":"Render","component":"Report Canvas","start":"2021-04-24T23:30:41.109Z","end":"2021-04-24T23:30:41.167Z","id":"401a9ace669e27efd46b","parentId":"1511b49c3abd2805c440-e224572fceac69ad643d"},{"name":"Data View Transform","component":"Report Canvas","start":"2021-04-24T23:30:41.113Z","end":"2021-04-24T23:30:41.115Z","id":"7cf2972874183bf26afd","parentId":"401a9ace669e27efd46b"},{"name":"Execute Semantic Query","component":"DSE","start":"2021-04-24T23:30:40.902Z","end":"2021-04-24T23:30:40.914Z","id":"fd1dd43b-529d-4af2-9746-71dd8e29175c","parentId":"b74a8473383c3a7cf554"},{"name":"Query Generation","component":"Report Canvas","start":"2021-04-24T23:30:40.497Z","end":"2021-04-24T23:30:40.498Z","id":"fc22adb43db84a5401c4","parentId":"b74a8473383c3a7cf554"},{"name":"Query Pending","component":"Report Canvas","start":"2021-04-24T23:30:40.868Z","end":"2021-04-24T23:30:40.870Z","id":"29e8556435e76a60cec7","parentId":"b74a8473383c3a7cf554"},{"name":"Parse Query Result","component":"Report Canvas","start":"2021-04-24T23:30:41.106Z","end":"2021-04-24T23:30:41.108Z","id":"b67700bbf4038b25c7ec","parentId":"b74a8473383c3a7cf554"},{"name":"Execute DAX Query","component":"DSE","start":"2021-04-24T23:30:40.903Z","end":"2021-04-24T23:30:40.913Z","id":"e13d3bb7-d7da-42f5-bde8-4c018f249983","parentId":"fd1dd43b-529d-4af2-9746-71dd8e29175c","metrics":{"QueryText":"EVALUATE\r\n  ROW(\r\n  \"FuncionariosAtivos\", 'Medidas'[FuncionariosAtivos]\r\n)","RowCount":1}},{"name":"Execute Query","component":"AS","start":"2021-04-24T23:30:40.907Z","end":"2021-04-24T23:30:40.910Z","id":"951915EB-52F2-4257-B385-BFE8847F553F","parentId":"e13d3bb7-d7da-42f5-bde8-4c018f249983"},{"name":"Serialize Rowset","component":"AS","start":"2021-04-24T23:30:40.910Z","end":"2021-04-24T23:30:40.910Z","id":"726D8F55-33B2-4196-9E9F-ABCFCEA1ABE2","parentId":"951915EB-52F2-4257-B385-BFE8847F553F"},{"name":"Visual Container Lifecycle","component":"Report Canvas","start":"2021-04-24T23:30:40.432Z","end":"2021-04-24T23:30:41.341Z","id":"e9b48e0dbca5e56d69e1-017511a91841f7905870","metrics":{"status":1,"visualTitle":"Cartão","visualId":"e9b48e0dbca5e56d69e1","visualType":"card"}},{"name":"Query","component":"Report Canvas","start":"2021-04-24T23:30:40.433Z","end":"2021-04-24T23:30:41.301Z","id":"c7b87b3724689ab98ac1","parentId":"e9b48e0dbca5e56d69e1-017511a91841f7905870"},{"name":"Query Generation","component":"Report Canvas","start":"2021-04-24T23:30:40.530Z","end":"2021-04-24T23:30:40.531Z","id":"1aacdfea66584a6d6687","parentId":"e9b48e0dbca5e56d69e1-017511a91841f7905870"},{"name":"Render","component":"Report Canvas","start":"2021-04-24T23:30:41.301Z","end":"2021-04-24T23:30:41.341Z","id":"6e9e6b79dc4c67a0cc59","parentId":"e9b48e0dbca5e56d69e1-017511a91841f7905870"},{"name":"Data View Transform","component":"Report Canvas","start":"2021-04-24T23:30:41.305Z","end":"2021-04-24T23:30:41.306Z","id":"fe791a7f1535842c4f66","parentId":"6e9e6b79dc4c67a0cc59"},{"name":"Execute Semantic Query","component":"DSE","start":"2021-04-24T23:30:40.945Z","end":"2021-04-24T23:30:40.956Z","id":"d1fd1da2-1fe8-4d5b-88ee-a62047fda52e","parentId":"c7b87b3724689ab98ac1"},{"name":"Query Generation","component":"Report Canvas","start":"2021-04-24T23:30:40.501Z","end":"2021-04-24T23:30:40.502Z","id":"9fcd0bdddcbe200bbef6","parentId":"c7b87b3724689ab98ac1"},{"name":"Query Pending","component":"Report Canvas","start":"2021-04-24T23:30:40.868Z","end":"2021-04-24T23:30:40.875Z","id":"bf24c45d57e34d2ec720","parentId":"c7b87b3724689ab98ac1"},{"name":"Parse Query Result","component":"Report Canvas","start":"2021-04-24T23:30:41.299Z","end":"2021-04-24T23:30:41.300Z","id":"a435dd7546de14b3b5bf","parentId":"c7b87b3724689ab98ac1"},{"name":"Execute DAX Query","component":"DSE","start":"2021-04-24T23:30:40.947Z","end":"2021-04-24T23:30:40.955Z","id":"c916792b-233e-4202-80f3-b01e1524f6d0","parentId":"d1fd1da2-1fe8-4d5b-88ee-a62047fda52e","metrics":{"QueryText":"EVALUATE\r\n  ROW(\r\n  \"Desligamentos\", 'Medidas'[Desligamentos]\r\n)","RowCount":1}},{"name":"Execute Query","component":"AS","start":"2021-04-24T23:30:40.950Z","end":"2021-04-24T23:30:40.953Z","id":"9E54511E-2900-4485-BAEF-AC506E3FB7E5","parentId":"c916792b-233e-4202-80f3-b01e1524f6d0"},{"name":"Serialize Rowset","component":"AS","start":"2021-04-24T23:30:40.953Z","end":"2021-04-24T23:30:40.953Z","id":"546BF1F0-1F18-41BD-9CD9-FE0A042633E7","parentId":"9E54511E-2900-4485-BAEF-AC506E3FB7E5"},{"name":"Visual Container Lifecycle","component":"Report Canvas","start":"2021-04-24T23:30:40.578Z","end":"2021-04-24T23:30:41.462Z","id":"431a280240586d03304a-77ebf6d38bd2b8b87561","metrics":{"status":1,"visualTitle":"TurnoverGeral e MetaTurnoverGeral por Ano","visualId":"431a280240586d03304a","visualType":"kpi"}},{"name":"Query","component":"Report Canvas","start":"2021-04-24T23:30:40.579Z","end":"2021-04-24T23:30:41.443Z","id":"4980b7bde8a765e44a4f","parentId":"431a280240586d03304a-77ebf6d38bd2b8b87561"},{"name":"Query Generation","component":"Report Canvas","start":"2021-04-24T23:30:40.636Z","end":"2021-04-24T23:30:40.639Z","id":"e0b2287c8b93dcc03eb7","parentId":"431a280240586d03304a-77ebf6d38bd2b8b87561"},{"name":"Render","component":"Report Canvas","start":"2021-04-24T23:30:41.442Z","end":"2021-04-24T23:30:41.461Z","id":"904d8ff57c58a544f3e6","parentId":"431a280240586d03304a-77ebf6d38bd2b8b87561"},{"name":"Data View Transform","component":"Report Canvas","start":"2021-04-24T23:30:41.446Z","end":"2021-04-24T23:30:41.448Z","id":"3dfc28b77b9b3b4ce8c4","parentId":"904d8ff57c58a544f3e6"},{"name":"Execute Semantic Query","component":"DSE","start":"2021-04-24T23:30:40.968Z","end":"2021-04-24T23:30:40.990Z","id":"2a7c9e0c-0a1b-479c-8dd2-6fb1b3ba6c73","parentId":"4980b7bde8a765e44a4f"},{"name":"Query Generation","component":"Report Canvas","start":"2021-04-24T23:30:40.617Z","end":"2021-04-24T23:30:40.619Z","id":"a5f43af049f7a8f63bbb","parentId":"4980b7bde8a765e44a4f"},{"name":"Query Pending","component":"Report Canvas","start":"2021-04-24T23:30:40.877Z","end":"2021-04-24T23:30:40.958Z","id":"fbc24547a62e3c7e0ebe","parentId":"4980b7bde8a765e44a4f"},{"name":"Parse Query Result","component":"Report Canvas","start":"2021-04-24T23:30:41.436Z","end":"2021-04-24T23:30:41.440Z","id":"9239e994e1e0aabad147","parentId":"4980b7bde8a765e44a4f"},{"name":"Execute DAX Query","component":"DSE","start":"2021-04-24T23:30:40.969Z","end":"2021-04-24T23:30:40.989Z","id":"7a9b7905-1d48-4708-9ca7-06c1ea99733b","parentId":"2a7c9e0c-0a1b-479c-8dd2-6fb1b3ba6c73","metrics":{"QueryText":"DEFINE\r\n  VAR __DS0Core = \r\n    SUMMARIZECOLUMNS(\r\n      'LocalDateTable_2efb5bfb-4a4e-454c-a67f-f3ef435efc57'[Ano],\r\n      \"TurnoverGeral\", 'Medidas'[TurnoverGeral],\r\n      \"MetaTurnoverGeral\", 'Medidas'[MetaTurnoverGeral]\r\n    )\r\n\r\n  VAR __DS0BodyLimited = \r\n    TOPN(1002, __DS0Core, 'LocalDateTable_2efb5bfb-4a4e-454c-a67f-f3ef435efc57'[Ano], 0)\r\n\r\nEVALUATE\r\n  __DS0BodyLimited\r\n\r\nORDER BY\r\n  'LocalDateTable_2efb5bfb-4a4e-454c-a67f-f3ef435efc57'[Ano]","RowCount":13}},{"name":"Execute Query","component":"AS","start":"2021-04-24T23:30:40.973Z","end":"2021-04-24T23:30:40.987Z","id":"77DD7F1A-009F-41B3-A585-48091A3072BC","parentId":"7a9b7905-1d48-4708-9ca7-06c1ea99733b"},{"name":"Serialize Rowset","component":"AS","start":"2021-04-24T23:30:40.987Z","end":"2021-04-24T23:30:40.987Z","id":"E85E3F27-722B-46CE-9A6E-66C0D3E14189","parentId":"77DD7F1A-009F-41B3-A585-48091A3072BC"},{"name":"Visual Container Lifecycle","component":"Report Canvas","start":"2021-04-24T23:30:40.582Z","end":"2021-04-24T23:30:41.568Z","id":"c2061f60d3deaedab690-745111a3f120c0f075b8","metrics":{"status":1,"visualTitle":"Admissoes e MetaAbsenteismo por Ano","visualId":"c2061f60d3deaedab690","visualType":"kpi"}},{"name":"Query","component":"Report Canvas","start":"2021-04-24T23:30:40.583Z","end":"2021-04-24T23:30:41.492Z","id":"171a613ee80865adacf0","parentId":"c2061f60d3deaedab690-745111a3f120c0f075b8"},{"name":"Query Generation","component":"Report Canvas","start":"2021-04-24T23:30:40.640Z","end":"2021-04-24T23:30:40.643Z","id":"f69aa1f65246c5b38d79","parentId":"c2061f60d3deaedab690-745111a3f120c0f075b8"},{"name":"Render","component":"Report Canvas","start":"2021-04-24T23:30:41.491Z","end":"2021-04-24T23:30:41.567Z","id":"1610eafa030ed48891a2","parentId":"c2061f60d3deaedab690-745111a3f120c0f075b8"},{"name":"Data View Transform","component":"Report Canvas","start":"2021-04-24T23:30:41.496Z","end":"2021-04-24T23:30:41.497Z","id":"28bde04f0509e2703029","parentId":"1610eafa030ed48891a2"},{"name":"Execute Semantic Query","component":"DSE","start":"2021-04-24T23:30:40.992Z","end":"2021-04-24T23:30:41.004Z","id":"19cb5e21-4220-44e3-973d-8883ec5aa67e","parentId":"171a613ee80865adacf0"},{"name":"Query Generation","component":"Report Canvas","start":"2021-04-24T23:30:40.624Z","end":"2021-04-24T23:30:40.627Z","id":"1c432fd2781ebf783d55","parentId":"171a613ee80865adacf0"},{"name":"Query Pending","component":"Report Canvas","start":"2021-04-24T23:30:40.878Z","end":"2021-04-24T23:30:40.960Z","id":"44bd74658133882490ee","parentId":"171a613ee80865adacf0"},{"name":"Parse Query Result","component":"Report Canvas","start":"2021-04-24T23:30:41.487Z","end":"2021-04-24T23:30:41.490Z","id":"09dc0bc0f81fd66e87cc","parentId":"171a613ee80865adacf0"},{"name":"Execute DAX Query","component":"DSE","start":"2021-04-24T23:30:40.994Z","end":"2021-04-24T23:30:41.003Z","id":"ee3c33aa-020e-422a-b903-e190bd4b4b75","parentId":"19cb5e21-4220-44e3-973d-8883ec5aa67e","metrics":{"QueryText":"DEFINE\r\n  VAR __DS0Core = \r\n    SUMMARIZECOLUMNS(\r\n      'LocalDateTable_2efb5bfb-4a4e-454c-a67f-f3ef435efc57'[Ano],\r\n      \"MetaAbsenteismo\", 'Medidas'[MetaAbsenteismo],\r\n      \"Admissoes\", 'Medidas'[Admissoes]\r\n    )\r\n\r\n  VAR __DS0BodyLimited = \r\n    TOPN(1002, __DS0Core, 'LocalDateTable_2efb5bfb-4a4e-454c-a67f-f3ef435efc57'[Ano], 0)\r\n\r\nEVALUATE\r\n  __DS0BodyLimited\r\n\r\nORDER BY\r\n  'LocalDateTable_2efb5bfb-4a4e-454c-a67f-f3ef435efc57'[Ano]","RowCount":13}},{"name":"Execute Query","component":"AS","start":"2021-04-24T23:30:41.000Z","end":"2021-04-24T23:30:41.003Z","id":"3C0A794C-92FA-458D-857C-60F5DF3D32BC","parentId":"ee3c33aa-020e-422a-b903-e190bd4b4b75"},{"name":"Serialize Rowset","component":"AS","start":"2021-04-24T23:30:41.003Z","end":"2021-04-24T23:30:41.003Z","id":"C37A9514-976C-4D43-8EBB-45C87E98AADB","parentId":"3C0A794C-92FA-458D-857C-60F5DF3D32BC"},{"name":"User Action","component":"Report Canvas","start":"2021-04-24T23:31:34.838Z","id":"a1414d2f9cdfe12aa5b5","metrics":{"sourceLabel":"UserAction_CrossHighlight"}},{"name":"Visual Container Lifecycle","component":"Report Canvas","start":"2021-04-24T23:31:34.846Z","end":"2021-04-24T23:31:35.756Z","id":"ece012620dbe3890332e-1d5c2d8a52d1de436246","metrics":{"status":1,"visualTitle":"Motivo de Desligamento","visualId":"ece012620dbe3890332e","visualType":"donutChart"}},{"name":"Query","component":"Report Canvas","start":"2021-04-24T23:31:34.848Z","end":"2021-04-24T23:31:35.533Z","id":"ea0dfce8974bf602272e","parentId":"ece012620dbe3890332e-1d5c2d8a52d1de436246"},{"name":"Query Generation","component":"Report Canvas","start":"2021-04-24T23:31:34.962Z","end":"2021-04-24T23:31:34.964Z","id":"2721bd1e1cef36548887","parentId":"ece012620dbe3890332e-1d5c2d8a52d1de436246"},{"name":"Render","component":"Report Canvas","start":"2021-04-24T23:31:35.532Z","end":"2021-04-24T23:31:35.755Z","id":"f78c6aec41876f2fff2f","parentId":"ece012620dbe3890332e-1d5c2d8a52d1de436246"},{"name":"Data View Transform","component":"Report Canvas","start":"2021-04-24T23:31:35.551Z","end":"2021-04-24T23:31:35.553Z","id":"bb828eb18dd49d3826e6","parentId":"f78c6aec41876f2fff2f"},{"name":"Query Generation","component":"Report Canvas","start":"2021-04-24T23:31:34.927Z","end":"2021-04-24T23:31:34.931Z","id":"2faf108b28b995969971","parentId":"ea0dfce8974bf602272e"},{"name":"Parse Query Result","component":"Report Canvas","start":"2021-04-24T23:31:35.520Z","end":"2021-04-24T23:31:35.522Z","id":"b18051e1a3010738da3a","parentId":"ea0dfce8974bf602272e"},{"name":"Visual Container Lifecycle","component":"Report Canvas","start":"2021-04-24T23:31:34.852Z","end":"2021-04-24T23:31:35.757Z","id":"821ea1e3a1e600702409-1c5b3d7e630f416fbd98","metrics":{"status":1,"visualTitle":"Admissoes, Desligamentos e Saldo por Mês","visualId":"821ea1e3a1e600702409","visualType":"lineClusteredColumnComboChart"}},{"name":"Query","component":"Report Canvas","start":"2021-04-24T23:31:34.852Z","end":"2021-04-24T23:31:35.534Z","id":"0095d1eac7fe46e0ee5e","parentId":"821ea1e3a1e600702409-1c5b3d7e630f416fbd98"},{"name":"Query Generation","component":"Report Canvas","start":"2021-04-24T23:31:34.965Z","end":"2021-04-24T23:31:34.968Z","id":"ddda0beb6255b12cb8cb","parentId":"821ea1e3a1e600702409-1c5b3d7e630f416fbd98"},{"name":"Render","component":"Report Canvas","start":"2021-04-24T23:31:35.534Z","end":"2021-04-24T23:31:35.756Z","id":"ce571e53fc5cee58c62f","parentId":"821ea1e3a1e600702409-1c5b3d7e630f416fbd98"},{"name":"Data View Transform","component":"Report Canvas","start":"2021-04-24T23:31:35.566Z","end":"2021-04-24T23:31:35.569Z","id":"9f379a9797e4af2928d0","parentId":"ce571e53fc5cee58c62f"},{"name":"Query Generation","component":"Report Canvas","start":"2021-04-24T23:31:34.935Z","end":"2021-04-24T23:31:34.942Z","id":"eb09cb071b34fb9cfe7a","parentId":"0095d1eac7fe46e0ee5e"},{"name":"Parse Query Result","component":"Report Canvas","start":"2021-04-24T23:31:35.522Z","end":"2021-04-24T23:31:35.523Z","id":"964adc9b58c9bf978663","parentId":"0095d1eac7fe46e0ee5e"},{"name":"Visual Container Lifecycle","component":"Report Canvas","start":"2021-04-24T23:31:34.858Z","end":"2021-04-24T23:31:35.757Z","id":"26702e5b553e50d973a1-aa2ca9e7cb95d547079c","metrics":{"status":1,"visualTitle":"Turnover Geral X Turnover Desligamento","visualId":"26702e5b553e50d973a1","visualType":"areaChart"}},{"name":"Query","component":"Report Canvas","start":"2021-04-24T23:31:34.859Z","end":"2021-04-24T23:31:35.536Z","id":"5f0bfc97636e990b7016","parentId":"26702e5b553e50d973a1-aa2ca9e7cb95d547079c"},{"name":"Query Generation","component":"Report Canvas","start":"2021-04-24T23:31:34.969Z","end":"2021-04-24T23:31:34.972Z","id":"9d52d511f5adb4e1867b","parentId":"26702e5b553e50d973a1-aa2ca9e7cb95d547079c"},{"name":"Render","component":"Report Canvas","start":"2021-04-24T23:31:35.535Z","end":"2021-04-24T23:31:35.757Z","id":"5c62eb6cb6f489497c86","parentId":"26702e5b553e50d973a1-aa2ca9e7cb95d547079c"},{"name":"Data View Transform","component":"Report Canvas","start":"2021-04-24T23:31:35.638Z","end":"2021-04-24T23:31:35.646Z","id":"6ddf1280dcfcd2ad28f5","parentId":"5c62eb6cb6f489497c86"},{"name":"Query Generation","component":"Report Canvas","start":"2021-04-24T23:31:34.945Z","end":"2021-04-24T23:31:34.950Z","id":"98be8740af5fbf0e40e2","parentId":"5f0bfc97636e990b7016"},{"name":"Parse Query Result","component":"Report Canvas","start":"2021-04-24T23:31:35.523Z","end":"2021-04-24T23:31:35.525Z","id":"5ad5c3be76b472b16054","parentId":"5f0bfc97636e990b7016"},{"name":"Visual Container Lifecycle","component":"Report Canvas","start":"2021-04-24T23:31:34.865Z","end":"2021-04-24T23:31:35.752Z","id":"1511b49c3abd2805c440-295222f2b33e96fe3b1e","metrics":{"status":1,"visualTitle":"Cartão","visualId":"1511b49c3abd2805c440","visualType":"card"}},{"name":"Query","component":"Report Canvas","start":"2021-04-24T23:31:34.866Z","end":"2021-04-24T23:31:35.537Z","id":"1e741210bef08506b0e9","parentId":"1511b49c3abd2805c440-295222f2b33e96fe3b1e"},{"name":"Query Generation","component":"Report Canvas","start":"2021-04-24T23:31:34.973Z","end":"2021-04-24T23:31:34.974Z","id":"fb556b6234e22cb41d58","parentId":"1511b49c3abd2805c440-295222f2b33e96fe3b1e"},{"name":"Render","component":"Report Canvas","start":"2021-04-24T23:31:35.536Z","end":"2021-04-24T23:31:35.752Z","id":"2e0cebdc055657fbd790","parentId":"1511b49c3abd2805c440-295222f2b33e96fe3b1e"},{"name":"Data View Transform","component":"Report Canvas","start":"2021-04-24T23:31:35.703Z","end":"2021-04-24T23:31:35.704Z","id":"ae4d63518fb96a01114e","parentId":"2e0cebdc055657fbd790"},{"name":"Query Generation","component":"Report Canvas","start":"2021-04-24T23:31:34.954Z","end":"2021-04-24T23:31:34.956Z","id":"28ac5fa5eb52f85e768d","parentId":"1e741210bef08506b0e9"},{"name":"Parse Query Result","component":"Report Canvas","start":"2021-04-24T23:31:35.525Z","end":"2021-04-24T23:31:35.526Z","id":"b148a70e09adec52bf22","parentId":"1e741210bef08506b0e9"},{"name":"Visual Container Lifecycle","component":"Report Canvas","start":"2021-04-24T23:31:34.868Z","end":"2021-04-24T23:31:35.753Z","id":"e9b48e0dbca5e56d69e1-336cfcb0f52d7a3780f4","metrics":{"status":1,"visualTitle":"Cartão","visualId":"e9b48e0dbca5e56d69e1","visualType":"card"}},{"name":"Query","component":"Report Canvas","start":"2021-04-24T23:31:34.869Z","end":"2021-04-24T23:31:35.540Z","id":"60f42fd0eb8988036e3c","parentId":"e9b48e0dbca5e56d69e1-336cfcb0f52d7a3780f4"},{"name":"Query Generation","component":"Report Canvas","start":"2021-04-24T23:31:34.974Z","end":"2021-04-24T23:31:34.975Z","id":"8b1d90f23105a3645ea7","parentId":"e9b48e0dbca5e56d69e1-336cfcb0f52d7a3780f4"},{"name":"Render","component":"Report Canvas","start":"2021-04-24T23:31:35.539Z","end":"2021-04-24T23:31:35.753Z","id":"6950f8386ac3ad4018e6","parentId":"e9b48e0dbca5e56d69e1-336cfcb0f52d7a3780f4"},{"name":"Data View Transform","component":"Report Canvas","start":"2021-04-24T23:31:35.716Z","end":"2021-04-24T23:31:35.716Z","id":"d8ee6d0c5a4427581cdb","parentId":"6950f8386ac3ad4018e6"},{"name":"Query Generation","component":"Report Canvas","start":"2021-04-24T23:31:34.960Z","end":"2021-04-24T23:31:34.961Z","id":"e9757cf75b4edec5ee6a","parentId":"60f42fd0eb8988036e3c"},{"name":"Parse Query Result","component":"Report Canvas","start":"2021-04-24T23:31:35.526Z","end":"2021-04-24T23:31:35.526Z","id":"0e6f7caa4565f2e8d796","parentId":"60f42fd0eb8988036e3c"},{"name":"Visual Container Lifecycle","component":"Report Canvas","start":"2021-04-24T23:31:35.017Z","end":"2021-04-24T23:31:35.758Z","id":"431a280240586d03304a-9425a0b9c7b369eb8815","metrics":{"status":1,"visualTitle":"TurnoverGeral e MetaTurnoverGeral por Ano","visualId":"431a280240586d03304a","visualType":"kpi"}},{"name":"Query","component":"Report Canvas","start":"2021-04-24T23:31:35.018Z","end":"2021-04-24T23:31:35.542Z","id":"53925d9dc132be313375","parentId":"431a280240586d03304a-9425a0b9c7b369eb8815"},{"name":"Query Generation","component":"Report Canvas","start":"2021-04-24T23:31:35.070Z","end":"2021-04-24T23:31:35.072Z","id":"b3bd6b54c31dbe3d37ee","parentId":"431a280240586d03304a-9425a0b9c7b369eb8815"},{"name":"Render","component":"Report Canvas","start":"2021-04-24T23:31:35.541Z","end":"2021-04-24T23:31:35.758Z","id":"c2699a4e1c729ef72c7d","parentId":"431a280240586d03304a-9425a0b9c7b369eb8815"},{"name":"Data View Transform","component":"Report Canvas","start":"2021-04-24T23:31:35.719Z","end":"2021-04-24T23:31:35.721Z","id":"fe0f5cc0c8b0e9ed30c4","parentId":"c2699a4e1c729ef72c7d"},{"name":"Query Generation","component":"Report Canvas","start":"2021-04-24T23:31:35.059Z","end":"2021-04-24T23:31:35.062Z","id":"c469dee16fb94f3c5b4c","parentId":"53925d9dc132be313375"},{"name":"Parse Query Result","component":"Report Canvas","start":"2021-04-24T23:31:35.527Z","end":"2021-04-24T23:31:35.528Z","id":"e53f28f1b5fd5dd31f2e","parentId":"53925d9dc132be313375"},{"name":"Visual Container Lifecycle","component":"Report Canvas","start":"2021-04-24T23:31:35.023Z","end":"2021-04-24T23:31:35.759Z","id":"c2061f60d3deaedab690-f15f5548e440e552c98a","metrics":{"status":1,"visualTitle":"Admissoes e MetaAbsenteismo por Ano","visualId":"c2061f60d3deaedab690","visualType":"kpi"}},{"name":"Query","component":"Report Canvas","start":"2021-04-24T23:31:35.024Z","end":"2021-04-24T23:31:35.544Z","id":"45e938987a19eba6bb6f","parentId":"c2061f60d3deaedab690-f15f5548e440e552c98a"},{"name":"Query Generation","component":"Report Canvas","start":"2021-04-24T23:31:35.072Z","end":"2021-04-24T23:31:35.075Z","id":"1f6e79747626290b0104","parentId":"c2061f60d3deaedab690-f15f5548e440e552c98a"},{"name":"Render","component":"Report Canvas","start":"2021-04-24T23:31:35.543Z","end":"2021-04-24T23:31:35.759Z","id":"a7e883d1b06db1086b83","parentId":"c2061f60d3deaedab690-f15f5548e440e552c98a"},{"name":"Data View Transform","component":"Report Canvas","start":"2021-04-24T23:31:35.734Z","end":"2021-04-24T23:31:35.736Z","id":"6b2addb19a073fb139ef","parentId":"a7e883d1b06db1086b83"},{"name":"Query Generation","component":"Report Canvas","start":"2021-04-24T23:31:35.067Z","end":"2021-04-24T23:31:35.069Z","id":"81fcbd96235ea0c70363","parentId":"45e938987a19eba6bb6f"},{"name":"Parse Query Result","component":"Report Canvas","start":"2021-04-24T23:31:35.528Z","end":"2021-04-24T23:31:35.529Z","id":"81be9106973155fe33e2","parentId":"45e938987a19eba6bb6f"},{"name":"User Action","component":"Report Canvas","start":"2021-04-24T23:31:37.653Z","id":"117fdef0d87a720203f3","metrics":{"sourceLabel":"UserAction_CrossHighlight"}},{"name":"Visual Container Lifecycle","component":"Report Canvas","start":"2021-04-24T23:31:37.662Z","end":"2021-04-24T23:31:38.234Z","id":"ece012620dbe3890332e-cb69fbe923dd96104a83","metrics":{"status":1,"visualTitle":"Motivo de Desligamento","visualId":"ece012620dbe3890332e","visualType":"donutChart"}},{"name":"Query","component":"Report Canvas","start":"2021-04-24T23:31:37.665Z","end":"2021-04-24T23:31:38.196Z","id":"85b75ffb0eac57f4871e","parentId":"ece012620dbe3890332e-cb69fbe923dd96104a83"},{"name":"Query Generation","component":"Report Canvas","start":"2021-04-24T23:31:37.761Z","end":"2021-04-24T23:31:37.763Z","id":"6486c6b3e448a20c43e5","parentId":"ece012620dbe3890332e-cb69fbe923dd96104a83"},{"name":"Render","component":"Report Canvas","start":"2021-04-24T23:31:38.194Z","end":"2021-04-24T23:31:38.233Z","id":"1a5bf77fb0e05c004372","parentId":"ece012620dbe3890332e-cb69fbe923dd96104a83"},{"name":"Data View Transform","component":"Report Canvas","start":"2021-04-24T23:31:38.198Z","end":"2021-04-24T23:31:38.200Z","id":"971797793b3bf3b40518","parentId":"1a5bf77fb0e05c004372"},{"name":"Execute Semantic Query","component":"DSE","start":"2021-04-24T23:31:38.009Z","end":"2021-04-24T23:31:38.185Z","id":"25a7a3a1-3426-4b05-9a7e-6ad4be04edf1","parentId":"85b75ffb0eac57f4871e"},{"name":"Query Generation","component":"Report Canvas","start":"2021-04-24T23:31:37.734Z","end":"2021-04-24T23:31:37.737Z","id":"e1a2a5d12ad8a1b4ac00","parentId":"85b75ffb0eac57f4871e"},{"name":"Query Pending","component":"Report Canvas","start":"2021-04-24T23:31:37.950Z","end":"2021-04-24T23:31:37.995Z","id":"d3f5d1181812d15d61ea","parentId":"85b75ffb0eac57f4871e"},{"name":"Parse Query Result","component":"Report Canvas","start":"2021-04-24T23:31:38.190Z","end":"2021-04-24T23:31:38.192Z","id":"e84666870cc11fa5774a","parentId":"85b75ffb0eac57f4871e"},{"name":"Execute DAX Query","component":"DSE","start":"2021-04-24T23:31:38.122Z","end":"2021-04-24T23:31:38.183Z","id":"b37a5795-b4fb-4be2-8080-be794e3d788b","parentId":"25a7a3a1-3426-4b05-9a7e-6ad4be04edf1","metrics":{"QueryText":"DEFINE\r\n  VAR __H0FilterTable = \r\n    TREATAS({\"setembro\"}, 'LocalDateTable_2efb5bfb-4a4e-454c-a67f-f3ef435efc57'[Mês])\r\n\r\n  VAR __DS0FilterTable = \r\n    FILTER(\r\n      KEEPFILTERS(VALUES('Tb_contratacoes'[Status])),\r\n      NOT('Tb_contratacoes'[Status] IN {\"Ativo\"})\r\n    )\r\n\r\n  VAR __DS0Core = \r\n    SUMMARIZECOLUMNS(\r\n      'Tb_contratacoes'[Status],\r\n      __DS0FilterTable,\r\n      \"CountStatus\", CALCULATE(COUNTA('Tb_contratacoes'[Status])),\r\n      \"Tb_contratacoesCountStatus\", IGNORE(\r\n        CALCULATE(COUNTA('Tb_contratacoes'[Status]), KEEPFILTERS(__H0FilterTable))\r\n      )\r\n    )\r\n\r\n  VAR __DS0BodyLimited = \r\n    TOPN(1002, __DS0Core, [CountStatus], 0, 'Tb_contratacoes'[Status], 1)\r\n\r\nEVALUATE\r\n  __DS0BodyLimited\r\n\r\nORDER BY\r\n  [CountStatus] DESC, 'Tb_contratacoes'[Status]","RowCount":2}},{"name":"Execute Query","component":"AS","start":"2021-04-24T23:31:38.140Z","end":"2021-04-24T23:31:38.180Z","id":"1FA6B403-0BC2-4034-A66C-D6AC4C87CA99","parentId":"b37a5795-b4fb-4be2-8080-be794e3d788b"},{"name":"Serialize Rowset","component":"AS","start":"2021-04-24T23:31:38.180Z","end":"2021-04-24T23:31:38.180Z","id":"77E0362E-0E80-4377-869A-A08033301CD3","parentId":"1FA6B403-0BC2-4034-A66C-D6AC4C87CA99"},{"name":"Visual Container Lifecycle","component":"Report Canvas","start":"2021-04-24T23:31:37.669Z","end":"2021-04-24T23:31:38.679Z","id":"26702e5b553e50d973a1-a3d5caeb962402c93dd7","metrics":{"status":1,"visualTitle":"Turnover Geral X Turnover Desligamento","visualId":"26702e5b553e50d973a1","visualType":"areaChart"}},{"name":"Query","component":"Report Canvas","start":"2021-04-24T23:31:37.670Z","end":"2021-04-24T23:31:38.617Z","id":"c58ea8b00ed12d25214f","parentId":"26702e5b553e50d973a1-a3d5caeb962402c93dd7"},{"name":"Query Generation","component":"Report Canvas","start":"2021-04-24T23:31:37.764Z","end":"2021-04-24T23:31:37.767Z","id":"b9cf0cb524d238df97b0","parentId":"26702e5b553e50d973a1-a3d5caeb962402c93dd7"},{"name":"Render","component":"Report Canvas","start":"2021-04-24T23:31:38.616Z","end":"2021-04-24T23:31:38.679Z","id":"2c429580d79be6da9700","parentId":"26702e5b553e50d973a1-a3d5caeb962402c93dd7"},{"name":"Data View Transform","component":"Report Canvas","start":"2021-04-24T23:31:38.620Z","end":"2021-04-24T23:31:38.625Z","id":"664b308cae441679e7d7","parentId":"2c429580d79be6da9700"},{"name":"Execute Semantic Query","component":"DSE","start":"2021-04-24T23:31:38.015Z","end":"2021-04-24T23:31:38.216Z","id":"c1a96f3f-9b51-47e7-b6ff-2a2b6e484955","parentId":"c58ea8b00ed12d25214f"},{"name":"Query Generation","component":"Report Canvas","start":"2021-04-24T23:31:37.744Z","end":"2021-04-24T23:31:37.748Z","id":"5cdb580a346c55d8499f","parentId":"c58ea8b00ed12d25214f"},{"name":"Query Pending","component":"Report Canvas","start":"2021-04-24T23:31:37.951Z","end":"2021-04-24T23:31:38.002Z","id":"d1ba9fa4872a533fa105","parentId":"c58ea8b00ed12d25214f"},{"name":"Parse Query Result","component":"Report Canvas","start":"2021-04-24T23:31:38.613Z","end":"2021-04-24T23:31:38.614Z","id":"fb3e9538aa7c5ec76df6","parentId":"c58ea8b00ed12d25214f"},{"name":"Execute DAX Query","component":"DSE","start":"2021-04-24T23:31:38.121Z","end":"2021-04-24T23:31:38.214Z","id":"23587cac-6461-444b-8075-68d0a8d4c6d0","parentId":"c1a96f3f-9b51-47e7-b6ff-2a2b6e484955","metrics":{"QueryText":"DEFINE\r\n  VAR __DS0FilterTable = \r\n    TREATAS({\"setembro\"}, 'LocalDateTable_2efb5bfb-4a4e-454c-a67f-f3ef435efc57'[Mês])\r\n\r\n  VAR __DS0Core = \r\n    SUMMARIZECOLUMNS(\r\n      'LocalDateTable_2efb5bfb-4a4e-454c-a67f-f3ef435efc57'[Ano],\r\n      __DS0FilterTable,\r\n      \"TurnoverGeral\", 'Medidas'[TurnoverGeral],\r\n      \"TurnoverDesligamento\", 'Medidas'[TurnoverDesligamento],\r\n      \"MinDate\", IGNORE(CALCULATE(MIN('LocalDateTable_2efb5bfb-4a4e-454c-a67f-f3ef435efc57'[Date])))\r\n    )\r\n\r\n  VAR __DS0IntersectionCount = CALCULATE(COUNTROWS(__DS0Core))\r\n\r\n  VAR __DS0BodyBinnedSample = \r\n    SAMPLEAXISWITHLOCALMINMAX(\r\n      3500,\r\n      __DS0Core,\r\n      [MinDate],\r\n      [TurnoverGeral],\r\n      [TurnoverDesligamento],\r\n      350,\r\n      ,\r\n      ALPHABETICAL,\r\n      ASC,\r\n      105000,\r\n      60\r\n    )\r\n\r\nEVALUATE\r\n  ROW(\r\n  \"DS0IntersectionCount\", __DS0IntersectionCount\r\n)\r\n\r\nEVALUATE\r\n  __DS0BodyBinnedSample\r\n\r\nORDER BY\r\n  'LocalDateTable_2efb5bfb-4a4e-454c-a67f-f3ef435efc57'[Ano]","RowCount":8}},{"name":"Execute Query","component":"AS","start":"2021-04-24T23:31:38.130Z","end":"2021-04-24T23:31:38.210Z","id":"50715A15-D090-4795-A115-006396405537","parentId":"23587cac-6461-444b-8075-68d0a8d4c6d0"},{"name":"Serialize Rowset","component":"AS","start":"2021-04-24T23:31:38.210Z","end":"2021-04-24T23:31:38.210Z","id":"23830D4F-8D05-4983-B240-9FCB255B76B3","parentId":"50715A15-D090-4795-A115-006396405537"},{"name":"Visual Container Lifecycle","component":"Report Canvas","start":"2021-04-24T23:31:37.677Z","end":"2021-04-24T23:31:38.376Z","id":"1511b49c3abd2805c440-3e28c63176a7ac92ecd3","metrics":{"status":1,"visualTitle":"Cartão","visualId":"1511b49c3abd2805c440","visualType":"card"}},{"name":"Query","component":"Report Canvas","start":"2021-04-24T23:31:37.678Z","end":"2021-04-24T23:31:38.345Z","id":"76599eed2985098cc654","parentId":"1511b49c3abd2805c440-3e28c63176a7ac92ecd3"},{"name":"Query Generation","component":"Report Canvas","start":"2021-04-24T23:31:37.768Z","end":"2021-04-24T23:31:37.769Z","id":"6a67d867885254b95c5e","parentId":"1511b49c3abd2805c440-3e28c63176a7ac92ecd3"},{"name":"Render","component":"Report Canvas","start":"2021-04-24T23:31:38.344Z","end":"2021-04-24T23:31:38.375Z","id":"3d19f36760f807a71074","parentId":"1511b49c3abd2805c440-3e28c63176a7ac92ecd3"},{"name":"Data View Transform","component":"Report Canvas","start":"2021-04-24T23:31:38.350Z","end":"2021-04-24T23:31:38.351Z","id":"a53a2e6be3ac964fd73e","parentId":"3d19f36760f807a71074"},{"name":"Execute Semantic Query","component":"DSE","start":"2021-04-24T23:31:38.015Z","end":"2021-04-24T23:31:38.192Z","id":"f5669be1-6ae9-4a95-aa0f-8f8de2b78ec4","parentId":"76599eed2985098cc654"},{"name":"Query Generation","component":"Report Canvas","start":"2021-04-24T23:31:37.752Z","end":"2021-04-24T23:31:37.753Z","id":"7428d39d2f33622f531b","parentId":"76599eed2985098cc654"},{"name":"Query Pending","component":"Report Canvas","start":"2021-04-24T23:31:37.952Z","end":"2021-04-24T23:31:38.005Z","id":"abfd63c23c13cfd3a48e","parentId":"76599eed2985098cc654"},{"name":"Parse Query Result","component":"Report Canvas","start":"2021-04-24T23:31:38.343Z","end":"2021-04-24T23:31:38.343Z","id":"5e4c2fd91d6317335f6b","parentId":"76599eed2985098cc654"},{"name":"Execute DAX Query","component":"DSE","start":"2021-04-24T23:31:38.123Z","end":"2021-04-24T23:31:38.191Z","id":"1b88b9c6-bb3f-4a64-b028-01ac94f8301f","parentId":"f5669be1-6ae9-4a95-aa0f-8f8de2b78ec4","metrics":{"QueryText":"DEFINE VAR __DS0FilterTable = \r\n  TREATAS({\"setembro\"}, 'LocalDateTable_2efb5bfb-4a4e-454c-a67f-f3ef435efc57'[Mês])\r\n\r\nEVALUATE\r\n  SUMMARIZECOLUMNS(__DS0FilterTable, \"FuncionariosAtivos\", IGNORE('Medidas'[FuncionariosAtivos]))","RowCount":1}},{"name":"Execute Query","component":"AS","start":"2021-04-24T23:31:38.140Z","end":"2021-04-24T23:31:38.187Z","id":"83068004-0A13-41EA-9DF1-630B94533D34","parentId":"1b88b9c6-bb3f-4a64-b028-01ac94f8301f"},{"name":"Serialize Rowset","component":"AS","start":"2021-04-24T23:31:38.187Z","end":"2021-04-24T23:31:38.187Z","id":"1041FA0B-26DD-442D-B5DB-B7491F359F45","parentId":"83068004-0A13-41EA-9DF1-630B94533D34"},{"name":"Visual Container Lifecycle","component":"Report Canvas","start":"2021-04-24T23:31:37.680Z","end":"2021-04-24T23:31:38.313Z","id":"e9b48e0dbca5e56d69e1-a7bd532faba06b9c4a72","metrics":{"status":1,"visualTitle":"Cartão","visualId":"e9b48e0dbca5e56d69e1","visualType":"card"}},{"name":"Query","component":"Report Canvas","start":"2021-04-24T23:31:37.681Z","end":"2021-04-24T23:31:38.272Z","id":"a4e855183a91c9ba3a4e","parentId":"e9b48e0dbca5e56d69e1-a7bd532faba06b9c4a72"},{"name":"Query Generation","component":"Report Canvas","start":"2021-04-24T23:31:37.769Z","end":"2021-04-24T23:31:37.771Z","id":"e81a238341fc706a7539","parentId":"e9b48e0dbca5e56d69e1-a7bd532faba06b9c4a72"},{"name":"Render","component":"Report Canvas","start":"2021-04-24T23:31:38.270Z","end":"2021-04-24T23:31:38.313Z","id":"14aedb8ed705c6b16ad3","parentId":"e9b48e0dbca5e56d69e1-a7bd532faba06b9c4a72"},{"name":"Data View Transform","component":"Report Canvas","start":"2021-04-24T23:31:38.278Z","end":"2021-04-24T23:31:38.280Z","id":"b9b5073cbd63ff1ab0e1","parentId":"14aedb8ed705c6b16ad3"},{"name":"Execute Semantic Query","component":"DSE","start":"2021-04-24T23:31:38.009Z","end":"2021-04-24T23:31:38.188Z","id":"e940669e-da95-4a1f-99d0-cf4c859fc0ad","parentId":"a4e855183a91c9ba3a4e"},{"name":"Query Generation","component":"Report Canvas","start":"2021-04-24T23:31:37.758Z","end":"2021-04-24T23:31:37.760Z","id":"a68baa62571e24320de2","parentId":"a4e855183a91c9ba3a4e"},{"name":"Query Pending","component":"Report Canvas","start":"2021-04-24T23:31:37.953Z","end":"2021-04-24T23:31:38.001Z","id":"496ed98f9e4a5acb7553","parentId":"a4e855183a91c9ba3a4e"},{"name":"Parse Query Result","component":"Report Canvas","start":"2021-04-24T23:31:38.266Z","end":"2021-04-24T23:31:38.268Z","id":"35b2578b79dfec834276","parentId":"a4e855183a91c9ba3a4e"},{"name":"Execute DAX Query","component":"DSE","start":"2021-04-24T23:31:38.123Z","end":"2021-04-24T23:31:38.187Z","id":"3982c9db-9214-420b-ab67-7ff26b84c012","parentId":"e940669e-da95-4a1f-99d0-cf4c859fc0ad","metrics":{"QueryText":"DEFINE VAR __DS0FilterTable = \r\n  TREATAS({\"setembro\"}, 'LocalDateTable_2efb5bfb-4a4e-454c-a67f-f3ef435efc57'[Mês])\r\n\r\nEVALUATE\r\n  SUMMARIZECOLUMNS(__DS0FilterTable, \"Desligamentos\", IGNORE('Medidas'[Desligamentos]))","RowCount":1}},{"name":"Execute Query","component":"AS","start":"2021-04-24T23:31:38.133Z","end":"2021-04-24T23:31:38.187Z","id":"F71805A4-238A-4B4F-822A-148D05C92FB5","parentId":"3982c9db-9214-420b-ab67-7ff26b84c012"},{"name":"Serialize Rowset","component":"AS","start":"2021-04-24T23:31:38.187Z","end":"2021-04-24T23:31:38.187Z","id":"1F23C753-ACD0-42FA-A476-74F8D2D43CCE","parentId":"F71805A4-238A-4B4F-822A-148D05C92FB5"},{"name":"Visual Container Lifecycle","component":"Report Canvas","start":"2021-04-24T23:31:37.815Z","end":"2021-04-24T23:31:38.580Z","id":"431a280240586d03304a-517966072b857a4e2e79","metrics":{"status":1,"visualTitle":"TurnoverGeral e MetaTurnoverGeral por Ano","visualId":"431a280240586d03304a","visualType":"kpi"}},{"name":"Query","component":"Report Canvas","start":"2021-04-24T23:31:37.816Z","end":"2021-04-24T23:31:38.517Z","id":"f99701fee63f8c758951","parentId":"431a280240586d03304a-517966072b857a4e2e79"},{"name":"Query Generation","component":"Report Canvas","start":"2021-04-24T23:31:37.860Z","end":"2021-04-24T23:31:37.862Z","id":"1f4faa23af24357cae53","parentId":"431a280240586d03304a-517966072b857a4e2e79"},{"name":"Render","component":"Report Canvas","start":"2021-04-24T23:31:38.516Z","end":"2021-04-24T23:31:38.580Z","id":"9190163b9268ef27fd4e","parentId":"431a280240586d03304a-517966072b857a4e2e79"},{"name":"Data View Transform","component":"Report Canvas","start":"2021-04-24T23:31:38.520Z","end":"2021-04-24T23:31:38.522Z","id":"b01db2c1cee047e6b078","parentId":"9190163b9268ef27fd4e"},{"name":"Execute Semantic Query","component":"DSE","start":"2021-04-24T23:31:38.014Z","end":"2021-04-24T23:31:38.211Z","id":"fab6d20c-ca4a-4217-ac83-f5c7bdeb30d4","parentId":"f99701fee63f8c758951"},{"name":"Query Generation","component":"Report Canvas","start":"2021-04-24T23:31:37.848Z","end":"2021-04-24T23:31:37.850Z","id":"50ce7d29e2c9ead7e248","parentId":"f99701fee63f8c758951"},{"name":"Query Pending","component":"Report Canvas","start":"2021-04-24T23:31:37.954Z","end":"2021-04-24T23:31:38.003Z","id":"e3ea00ab8dc286dd9007","parentId":"f99701fee63f8c758951"},{"name":"Parse Query Result","component":"Report Canvas","start":"2021-04-24T23:31:38.514Z","end":"2021-04-24T23:31:38.516Z","id":"9a104aeb05ddb5e11a41","parentId":"f99701fee63f8c758951"},{"name":"Execute DAX Query","component":"DSE","start":"2021-04-24T23:31:38.121Z","end":"2021-04-24T23:31:38.209Z","id":"acd99384-51d0-45f6-af19-4349bb0c4f09","parentId":"fab6d20c-ca4a-4217-ac83-f5c7bdeb30d4","metrics":{"QueryText":"DEFINE\r\n  VAR __DS0FilterTable = \r\n    TREATAS({\"setembro\"}, 'LocalDateTable_2efb5bfb-4a4e-454c-a67f-f3ef435efc57'[Mês])\r\n\r\n  VAR __DS0Core = \r\n    SUMMARIZECOLUMNS(\r\n      'LocalDateTable_2efb5bfb-4a4e-454c-a67f-f3ef435efc57'[Ano],\r\n      __DS0FilterTable,\r\n      \"TurnoverGeral\", 'Medidas'[TurnoverGeral],\r\n      \"MetaTurnoverGeral\", 'Medidas'[MetaTurnoverGeral]\r\n    )\r\n\r\n  VAR __DS0BodyLimited = \r\n    TOPN(1002, __DS0Core, 'LocalDateTable_2efb5bfb-4a4e-454c-a67f-f3ef435efc57'[Ano], 0)\r\n\r\nEVALUATE\r\n  __DS0BodyLimited\r\n\r\nORDER BY\r\n  'LocalDateTable_2efb5bfb-4a4e-454c-a67f-f3ef435efc57'[Ano]","RowCount":13}},{"name":"Execute Query","component":"AS","start":"2021-04-24T23:31:38.130Z","end":"2021-04-24T23:31:38.207Z","id":"28280A28-D63E-414F-B178-64D3CEF4381B","parentId":"acd99384-51d0-45f6-af19-4349bb0c4f09"},{"name":"Serialize Rowset","component":"AS","start":"2021-04-24T23:31:38.207Z","end":"2021-04-24T23:31:38.207Z","id":"52156EE2-BD3E-40D9-92EC-919E25D6EF06","parentId":"28280A28-D63E-414F-B178-64D3CEF4381B"},{"name":"Visual Container Lifecycle","component":"Report Canvas","start":"2021-04-24T23:31:37.820Z","end":"2021-04-24T23:31:38.486Z","id":"c2061f60d3deaedab690-fccacf97d247024098df","metrics":{"status":1,"visualTitle":"Admissoes e MetaAbsenteismo por Ano","visualId":"c2061f60d3deaedab690","visualType":"kpi"}},{"name":"Query","component":"Report Canvas","start":"2021-04-24T23:31:37.821Z","end":"2021-04-24T23:31:38.473Z","id":"052c1fba39c5811586d6","parentId":"c2061f60d3deaedab690-fccacf97d247024098df"},{"name":"Query Generation","component":"Report Canvas","start":"2021-04-24T23:31:37.863Z","end":"2021-04-24T23:31:37.866Z","id":"773bf2cfac6a76986869","parentId":"c2061f60d3deaedab690-fccacf97d247024098df"},{"name":"Render","component":"Report Canvas","start":"2021-04-24T23:31:38.470Z","end":"2021-04-24T23:31:38.486Z","id":"30b75c23edd1cd7f4a79","parentId":"c2061f60d3deaedab690-fccacf97d247024098df"},{"name":"Data View Transform","component":"Report Canvas","start":"2021-04-24T23:31:38.476Z","end":"2021-04-24T23:31:38.478Z","id":"565177add71860fa2e2f","parentId":"30b75c23edd1cd7f4a79"},{"name":"Execute Semantic Query","component":"DSE","start":"2021-04-24T23:31:38.019Z","end":"2021-04-24T23:31:38.197Z","id":"bc3079e5-5436-4c89-b79f-dd35eafd0334","parentId":"052c1fba39c5811586d6"},{"name":"Query Generation","component":"Report Canvas","start":"2021-04-24T23:31:37.857Z","end":"2021-04-24T23:31:37.859Z","id":"cb1a5467adc59cd3f222","parentId":"052c1fba39c5811586d6"},{"name":"Query Pending","component":"Report Canvas","start":"2021-04-24T23:31:37.955Z","end":"2021-04-24T23:31:38.007Z","id":"13442b19522cbf565675","parentId":"052c1fba39c5811586d6"},{"name":"Parse Query Result","component":"Report Canvas","start":"2021-04-24T23:31:38.466Z","end":"2021-04-24T23:31:38.467Z","id":"e48a445fe03d94463f16","parentId":"052c1fba39c5811586d6"},{"name":"Execute DAX Query","component":"DSE","start":"2021-04-24T23:31:38.121Z","end":"2021-04-24T23:31:38.196Z","id":"7ec8d4de-d4bc-4f81-be7d-ac20eb6b0765","parentId":"bc3079e5-5436-4c89-b79f-dd35eafd0334","metrics":{"QueryText":"DEFINE\r\n  VAR __DS0FilterTable = \r\n    TREATAS({\"setembro\"}, 'LocalDateTable_2efb5bfb-4a4e-454c-a67f-f3ef435efc57'[Mês])\r\n\r\n  VAR __DS0Core = \r\n    SUMMARIZECOLUMNS(\r\n      'LocalDateTable_2efb5bfb-4a4e-454c-a67f-f3ef435efc57'[Ano],\r\n      __DS0FilterTable,\r\n      \"MetaAbsenteismo\", 'Medidas'[MetaAbsenteismo],\r\n      \"Admissoes\", 'Medidas'[Admissoes]\r\n    )\r\n\r\n  VAR __DS0BodyLimited = \r\n    TOPN(1002, __DS0Core, 'LocalDateTable_2efb5bfb-4a4e-454c-a67f-f3ef435efc57'[Ano], 0)\r\n\r\nEVALUATE\r\n  __DS0BodyLimited\r\n\r\nORDER BY\r\n  'LocalDateTable_2efb5bfb-4a4e-454c-a67f-f3ef435efc57'[Ano]","RowCount":13}},{"name":"Execute Query","component":"AS","start":"2021-04-24T23:31:38.137Z","end":"2021-04-24T23:31:38.193Z","id":"22654757-0805-40A8-A656-C9DF5B8A75BE","parentId":"7ec8d4de-d4bc-4f81-be7d-ac20eb6b0765"},{"name":"Serialize Rowset","component":"AS","start":"2021-04-24T23:31:38.193Z","end":"2021-04-24T23:31:38.193Z","id":"CFDA85A1-327F-4D15-ADA1-46346CDEC2C2","parentId":"22654757-0805-40A8-A656-C9DF5B8A75BE"},{"name":"User Action","component":"Report Canvas","start":"2021-04-24T23:31:41.473Z","id":"9aeb2dca198da9fc82fe","metrics":{"sourceLabel":"UserAction_CrossHighlight"}},{"name":"Visual Container Lifecycle","component":"Report Canvas","start":"2021-04-24T23:31:41.482Z","end":"2021-04-24T23:31:42.025Z","id":"ece012620dbe3890332e-9ba58e5487c8d28c5266","metrics":{"status":1,"visualTitle":"Motivo de Desligamento","visualId":"ece012620dbe3890332e","visualType":"donutChart"}},{"name":"Query","component":"Report Canvas","start":"2021-04-24T23:31:41.483Z","end":"2021-04-24T23:31:42.006Z","id":"d7cc2e771c157c6418e4","parentId":"ece012620dbe3890332e-9ba58e5487c8d28c5266"},{"name":"Query Generation","component":"Report Canvas","start":"2021-04-24T23:31:41.569Z","end":"2021-04-24T23:31:41.571Z","id":"5760b28beaf41e395377","parentId":"ece012620dbe3890332e-9ba58e5487c8d28c5266"},{"name":"Render","component":"Report Canvas","start":"2021-04-24T23:31:42.005Z","end":"2021-04-24T23:31:42.024Z","id":"f9998d36bd67cc4a9aae","parentId":"ece012620dbe3890332e-9ba58e5487c8d28c5266"},{"name":"Data View Transform","component":"Report Canvas","start":"2021-04-24T23:31:42.009Z","end":"2021-04-24T23:31:42.010Z","id":"c6d557050cdeed8bcf3c","parentId":"f9998d36bd67cc4a9aae"},{"name":"Execute Semantic Query","component":"DSE","start":"2021-04-24T23:31:41.882Z","end":"2021-04-24T23:31:41.904Z","id":"19a47669-5857-41d8-b3c1-809b39f3f832","parentId":"d7cc2e771c157c6418e4"},{"name":"Query Generation","component":"Report Canvas","start":"2021-04-24T23:31:41.549Z","end":"2021-04-24T23:31:41.552Z","id":"c405248455954fccf5a3","parentId":"d7cc2e771c157c6418e4"},{"name":"Query Pending","component":"Report Canvas","start":"2021-04-24T23:31:41.763Z","end":"2021-04-24T23:31:41.797Z","id":"b5a6a21890c9d276e31a","parentId":"d7cc2e771c157c6418e4"},{"name":"Parse Query Result","component":"Report Canvas","start":"2021-04-24T23:31:42.002Z","end":"2021-04-24T23:31:42.003Z","id":"c97be830b90532e4cc0f","parentId":"d7cc2e771c157c6418e4"},{"name":"Execute DAX Query","component":"DSE","start":"2021-04-24T23:31:41.885Z","end":"2021-04-24T23:31:41.903Z","id":"fdeb3afc-344b-4e17-828e-888bad2fbeb5","parentId":"19a47669-5857-41d8-b3c1-809b39f3f832","metrics":{"QueryText":"DEFINE\r\n  VAR __H0FilterTable = \r\n    TREATAS({\"fevereiro\"}, 'LocalDateTable_2efb5bfb-4a4e-454c-a67f-f3ef435efc57'[Mês])\r\n\r\n  VAR __DS0FilterTable = \r\n    FILTER(\r\n      KEEPFILTERS(VALUES('Tb_contratacoes'[Status])),\r\n      NOT('Tb_contratacoes'[Status] IN {\"Ativo\"})\r\n    )\r\n\r\n  VAR __DS0Core = \r\n    SUMMARIZECOLUMNS(\r\n      'Tb_contratacoes'[Status],\r\n      __DS0FilterTable,\r\n      \"CountStatus\", CALCULATE(COUNTA('Tb_contratacoes'[Status])),\r\n      \"Tb_contratacoesCountStatus\", IGNORE(\r\n        CALCULATE(COUNTA('Tb_contratacoes'[Status]), KEEPFILTERS(__H0FilterTable))\r\n      )\r\n    )\r\n\r\n  VAR __DS0BodyLimited = \r\n    TOPN(1002, __DS0Core, [CountStatus], 0, 'Tb_contratacoes'[Status], 1)\r\n\r\nEVALUATE\r\n  __DS0BodyLimited\r\n\r\nORDER BY\r\n  [CountStatus] DESC, 'Tb_contratacoes'[Status]","RowCount":2}},{"name":"Execute Query","component":"AS","start":"2021-04-24T23:31:41.890Z","end":"2021-04-24T23:31:41.900Z","id":"F4766E9F-CD46-4D84-8D3A-A90DAF0EFBB3","parentId":"fdeb3afc-344b-4e17-828e-888bad2fbeb5"},{"name":"Serialize Rowset","component":"AS","start":"2021-04-24T23:31:41.900Z","end":"2021-04-24T23:31:41.900Z","id":"F3955740-145B-4BE7-B347-C5677EFF985C","parentId":"F4766E9F-CD46-4D84-8D3A-A90DAF0EFBB3"},{"name":"Visual Container Lifecycle","component":"Report Canvas","start":"2021-04-24T23:31:41.486Z","end":"2021-04-24T23:31:42.224Z","id":"26702e5b553e50d973a1-0fe09fd10956a7dc7681","metrics":{"status":1,"visualTitle":"Turnover Geral X Turnover Desligamento","visualId":"26702e5b553e50d973a1","visualType":"areaChart"}},{"name":"Query","component":"Report Canvas","start":"2021-04-24T23:31:41.487Z","end":"2021-04-24T23:31:42.157Z","id":"17cefd9cc51653b131ae","parentId":"26702e5b553e50d973a1-0fe09fd10956a7dc7681"},{"name":"Query Generation","component":"Report Canvas","start":"2021-04-24T23:31:41.572Z","end":"2021-04-24T23:31:41.575Z","id":"1a0cb4ec83850da2d76d","parentId":"26702e5b553e50d973a1-0fe09fd10956a7dc7681"},{"name":"Render","component":"Report Canvas","start":"2021-04-24T23:31:42.156Z","end":"2021-04-24T23:31:42.224Z","id":"5144bf14bcd946ecda00","parentId":"26702e5b553e50d973a1-0fe09fd10956a7dc7681"},{"name":"Data View Transform","component":"Report Canvas","start":"2021-04-24T23:31:42.160Z","end":"2021-04-24T23:31:42.163Z","id":"7e1776a9a10de9358553","parentId":"5144bf14bcd946ecda00"},{"name":"Execute Semantic Query","component":"DSE","start":"2021-04-24T23:31:41.901Z","end":"2021-04-24T23:31:41.944Z","id":"ba51f6da-edf6-46bc-bc33-b7c2ff29f368","parentId":"17cefd9cc51653b131ae"},{"name":"Query Generation","component":"Report Canvas","start":"2021-04-24T23:31:41.555Z","end":"2021-04-24T23:31:41.559Z","id":"7b2df9c257182ee4f00d","parentId":"17cefd9cc51653b131ae"},{"name":"Query Pending","component":"Report Canvas","start":"2021-04-24T23:31:41.764Z","end":"2021-04-24T23:31:41.874Z","id":"131e7caf34549fd05486","parentId":"17cefd9cc51653b131ae"},{"name":"Parse Query Result","component":"Report Canvas","start":"2021-04-24T23:31:42.152Z","end":"2021-04-24T23:31:42.155Z","id":"4d08590e5560c2e844ec","parentId":"17cefd9cc51653b131ae"},{"name":"Execute DAX Query","component":"DSE","start":"2021-04-24T23:31:41.904Z","end":"2021-04-24T23:31:41.939Z","id":"f6d0f560-7a8b-456b-b093-9dee9b7c7990","parentId":"ba51f6da-edf6-46bc-bc33-b7c2ff29f368","metrics":{"QueryText":"DEFINE\r\n  VAR __DS0FilterTable = \r\n    TREATAS({\"fevereiro\"}, 'LocalDateTable_2efb5bfb-4a4e-454c-a67f-f3ef435efc57'[Mês])\r\n\r\n  VAR __DS0Core = \r\n    SUMMARIZECOLUMNS(\r\n      'LocalDateTable_2efb5bfb-4a4e-454c-a67f-f3ef435efc57'[Ano],\r\n      __DS0FilterTable,\r\n      \"TurnoverGeral\", 'Medidas'[TurnoverGeral],\r\n      \"TurnoverDesligamento\", 'Medidas'[TurnoverDesligamento],\r\n      \"MinDate\", IGNORE(CALCULATE(MIN('LocalDateTable_2efb5bfb-4a4e-454c-a67f-f3ef435efc57'[Date])))\r\n    )\r\n\r\n  VAR __DS0IntersectionCount = CALCULATE(COUNTROWS(__DS0Core))\r\n\r\n  VAR __DS0BodyBinnedSample = \r\n    SAMPLEAXISWITHLOCALMINMAX(\r\n      3500,\r\n      __DS0Core,\r\n      [MinDate],\r\n      [TurnoverGeral],\r\n      [TurnoverDesligamento],\r\n      350,\r\n      ,\r\n      ALPHABETICAL,\r\n      ASC,\r\n      105000,\r\n      60\r\n    )\r\n\r\nEVALUATE\r\n  ROW(\r\n  \"DS0IntersectionCount\", __DS0IntersectionCount\r\n)\r\n\r\nEVALUATE\r\n  __DS0BodyBinnedSample\r\n\r\nORDER BY\r\n  'LocalDateTable_2efb5bfb-4a4e-454c-a67f-f3ef435efc57'[Ano]","RowCount":9}},{"name":"Execute Query","component":"AS","start":"2021-04-24T23:31:41.907Z","end":"2021-04-24T23:31:41.933Z","id":"FA61FE3E-9F30-403B-A94B-260A6040EFED","parentId":"f6d0f560-7a8b-456b-b093-9dee9b7c7990"},{"name":"Serialize Rowset","component":"AS","start":"2021-04-24T23:31:41.933Z","end":"2021-04-24T23:31:41.933Z","id":"2DD02C95-4259-469D-88A0-0E56F39CBD31","parentId":"FA61FE3E-9F30-403B-A94B-260A6040EFED"},{"name":"Visual Container Lifecycle","component":"Report Canvas","start":"2021-04-24T23:31:41.494Z","end":"2021-04-24T23:31:42.382Z","id":"1511b49c3abd2805c440-a379453f52aeeb2291ee","metrics":{"status":1,"visualTitle":"Cartão","visualId":"1511b49c3abd2805c440","visualType":"card"}},{"name":"Query","component":"Report Canvas","start":"2021-04-24T23:31:41.495Z","end":"2021-04-24T23:31:42.353Z","id":"4d5a0a189c02f7bcbab6","parentId":"1511b49c3abd2805c440-a379453f52aeeb2291ee"},{"name":"Query Generation","component":"Report Canvas","start":"2021-04-24T23:31:41.576Z","end":"2021-04-24T23:31:41.578Z","id":"85ec7fbb8de0dc0d35c9","parentId":"1511b49c3abd2805c440-a379453f52aeeb2291ee"},{"name":"Render","component":"Report Canvas","start":"2021-04-24T23:31:42.352Z","end":"2021-04-24T23:31:42.382Z","id":"7e4559f264272933e625","parentId":"1511b49c3abd2805c440-a379453f52aeeb2291ee"},{"name":"Data View Transform","component":"Report Canvas","start":"2021-04-24T23:31:42.356Z","end":"2021-04-24T23:31:42.357Z","id":"29ad5388ee2c06b62241","parentId":"7e4559f264272933e625"},{"name":"Execute Semantic Query","component":"DSE","start":"2021-04-24T23:31:41.940Z","end":"2021-04-24T23:31:41.964Z","id":"9c579663-2693-4b97-85c3-0a19fb10a863","parentId":"4d5a0a189c02f7bcbab6"},{"name":"Query Generation","component":"Report Canvas","start":"2021-04-24T23:31:41.562Z","end":"2021-04-24T23:31:41.563Z","id":"36066de7598bcf230b1a","parentId":"4d5a0a189c02f7bcbab6"},{"name":"Query Pending","component":"Report Canvas","start":"2021-04-24T23:31:41.765Z","end":"2021-04-24T23:31:41.877Z","id":"7bc4dd8a76eb0f4ec505","parentId":"4d5a0a189c02f7bcbab6"},{"name":"Parse Query Result","component":"Report Canvas","start":"2021-04-24T23:31:42.351Z","end":"2021-04-24T23:31:42.351Z","id":"64a29733547b67f25544","parentId":"4d5a0a189c02f7bcbab6"},{"name":"Execute DAX Query","component":"DSE","start":"2021-04-24T23:31:41.946Z","end":"2021-04-24T23:31:41.963Z","id":"a0f53f19-2f8c-40d0-948a-aefe1c9d6cef","parentId":"9c579663-2693-4b97-85c3-0a19fb10a863","metrics":{"QueryText":"DEFINE VAR __DS0FilterTable = \r\n  TREATAS({\"fevereiro\"}, 'LocalDateTable_2efb5bfb-4a4e-454c-a67f-f3ef435efc57'[Mês])\r\n\r\nEVALUATE\r\n  SUMMARIZECOLUMNS(__DS0FilterTable, \"FuncionariosAtivos\", IGNORE('Medidas'[FuncionariosAtivos]))","RowCount":1}},{"name":"Execute Query","component":"AS","start":"2021-04-24T23:31:41.950Z","end":"2021-04-24T23:31:41.960Z","id":"86BBA85B-851B-4F77-BB10-5EB3105DF994","parentId":"a0f53f19-2f8c-40d0-948a-aefe1c9d6cef"},{"name":"Serialize Rowset","component":"AS","start":"2021-04-24T23:31:41.960Z","end":"2021-04-24T23:31:41.960Z","id":"19F1DC05-BDB7-4C9A-948B-19D1DA07D394","parentId":"86BBA85B-851B-4F77-BB10-5EB3105DF994"},{"name":"Visual Container Lifecycle","component":"Report Canvas","start":"2021-04-24T23:31:41.497Z","end":"2021-04-24T23:31:41.927Z","id":"e9b48e0dbca5e56d69e1-d47bfd1d4092e87bf6be","metrics":{"status":1,"visualTitle":"Cartão","visualId":"e9b48e0dbca5e56d69e1","visualType":"card"}},{"name":"Query","component":"Report Canvas","start":"2021-04-24T23:31:41.498Z","end":"2021-04-24T23:31:41.910Z","id":"79816452b99f59abf06f","parentId":"e9b48e0dbca5e56d69e1-d47bfd1d4092e87bf6be"},{"name":"Query Generation","component":"Report Canvas","start":"2021-04-24T23:31:41.578Z","end":"2021-04-24T23:31:41.579Z","id":"e25958a48f1bfcd7cf03","parentId":"e9b48e0dbca5e56d69e1-d47bfd1d4092e87bf6be"},{"name":"Render","component":"Report Canvas","start":"2021-04-24T23:31:41.909Z","end":"2021-04-24T23:31:41.927Z","id":"50df31569b323c60a65e","parentId":"e9b48e0dbca5e56d69e1-d47bfd1d4092e87bf6be"},{"name":"Data View Transform","component":"Report Canvas","start":"2021-04-24T23:31:41.914Z","end":"2021-04-24T23:31:41.915Z","id":"dba067e1f9578a2219e9","parentId":"50df31569b323c60a65e"},{"name":"Execute Semantic Query","component":"DSE","start":"2021-04-24T23:31:41.883Z","end":"2021-04-24T23:31:41.899Z","id":"a3bb6f22-0c7f-4f87-a1a6-70db26801a5c","parentId":"79816452b99f59abf06f"},{"name":"Query Generation","component":"Report Canvas","start":"2021-04-24T23:31:41.566Z","end":"2021-04-24T23:31:41.568Z","id":"4b04646ae5113a4a928c","parentId":"79816452b99f59abf06f"},{"name":"Query Pending","component":"Report Canvas","start":"2021-04-24T23:31:41.765Z","end":"2021-04-24T23:31:41.873Z","id":"49941c3b97ba9d1001f9","parentId":"79816452b99f59abf06f"},{"name":"Parse Query Result","component":"Report Canvas","start":"2021-04-24T23:31:41.907Z","end":"2021-04-24T23:31:41.908Z","id":"543e35e3975fde63af97","parentId":"79816452b99f59abf06f"},{"name":"Execute DAX Query","component":"DSE","start":"2021-04-24T23:31:41.885Z","end":"2021-04-24T23:31:41.898Z","id":"41d972e3-b955-4fbc-afd6-54687eacb6ac","parentId":"a3bb6f22-0c7f-4f87-a1a6-70db26801a5c","metrics":{"QueryText":"DEFINE VAR __DS0FilterTable = \r\n  TREATAS({\"fevereiro\"}, 'LocalDateTable_2efb5bfb-4a4e-454c-a67f-f3ef435efc57'[Mês])\r\n\r\nEVALUATE\r\n  SUMMARIZECOLUMNS(__DS0FilterTable, \"Desligamentos\", IGNORE('Medidas'[Desligamentos]))","RowCount":1}},{"name":"Execute Query","component":"AS","start":"2021-04-24T23:31:41.890Z","end":"2021-04-24T23:31:41.897Z","id":"8706D248-F0CB-4877-ABBE-815A8F6BAE16","parentId":"41d972e3-b955-4fbc-afd6-54687eacb6ac"},{"name":"Serialize Rowset","component":"AS","start":"2021-04-24T23:31:41.897Z","end":"2021-04-24T23:31:41.897Z","id":"1D8D24F5-8FF8-4B74-8F09-753CCD5607D7","parentId":"8706D248-F0CB-4877-ABBE-815A8F6BAE16"},{"name":"Visual Container Lifecycle","component":"Report Canvas","start":"2021-04-24T23:31:41.623Z","end":"2021-04-24T23:31:42.121Z","id":"431a280240586d03304a-1b9c1d8fcd28fff6dda7","metrics":{"status":1,"visualTitle":"TurnoverGeral e MetaTurnoverGeral por Ano","visualId":"431a280240586d03304a","visualType":"kpi"}},{"name":"Query","component":"Report Canvas","start":"2021-04-24T23:31:41.624Z","end":"2021-04-24T23:31:42.056Z","id":"66d643e1e6db1c0e0969","parentId":"431a280240586d03304a-1b9c1d8fcd28fff6dda7"},{"name":"Query Generation","component":"Report Canvas","start":"2021-04-24T23:31:41.670Z","end":"2021-04-24T23:31:41.672Z","id":"29c180ea5ebd45ddb407","parentId":"431a280240586d03304a-1b9c1d8fcd28fff6dda7"},{"name":"Render","component":"Report Canvas","start":"2021-04-24T23:31:42.055Z","end":"2021-04-24T23:31:42.120Z","id":"aa3fa74ce3c5847fe5af","parentId":"431a280240586d03304a-1b9c1d8fcd28fff6dda7"},{"name":"Data View Transform","component":"Report Canvas","start":"2021-04-24T23:31:42.059Z","end":"2021-04-24T23:31:42.061Z","id":"c9971e02252f89db1c3c","parentId":"aa3fa74ce3c5847fe5af"},{"name":"Execute Semantic Query","component":"DSE","start":"2021-04-24T23:31:41.906Z","end":"2021-04-24T23:31:41.938Z","id":"49f44b2e-b4fc-4c13-b258-2691caae79a0","parentId":"66d643e1e6db1c0e0969"},{"name":"Query Generation","component":"Report Canvas","start":"2021-04-24T23:31:41.657Z","end":"2021-04-24T23:31:41.662Z","id":"c56584bb5daf0cdc98bf","parentId":"66d643e1e6db1c0e0969"},{"name":"Query Pending","component":"Report Canvas","start":"2021-04-24T23:31:41.766Z","end":"2021-04-24T23:31:41.876Z","id":"f7581a1c367a06c078dc","parentId":"66d643e1e6db1c0e0969"},{"name":"Parse Query Result","component":"Report Canvas","start":"2021-04-24T23:31:42.051Z","end":"2021-04-24T23:31:42.053Z","id":"66abee25d22d3b1fc22a","parentId":"66d643e1e6db1c0e0969"},{"name":"Execute DAX Query","component":"DSE","start":"2021-04-24T23:31:41.909Z","end":"2021-04-24T23:31:41.936Z","id":"390b3dad-9653-42c6-9150-3d52a1df233b","parentId":"49f44b2e-b4fc-4c13-b258-2691caae79a0","metrics":{"QueryText":"DEFINE\r\n  VAR __DS0FilterTable = \r\n    TREATAS({\"fevereiro\"}, 'LocalDateTable_2efb5bfb-4a4e-454c-a67f-f3ef435efc57'[Mês])\r\n\r\n  VAR __DS0Core = \r\n    SUMMARIZECOLUMNS(\r\n      'LocalDateTable_2efb5bfb-4a4e-454c-a67f-f3ef435efc57'[Ano],\r\n      __DS0FilterTable,\r\n      \"TurnoverGeral\", 'Medidas'[TurnoverGeral],\r\n      \"MetaTurnoverGeral\", 'Medidas'[MetaTurnoverGeral]\r\n    )\r\n\r\n  VAR __DS0BodyLimited = \r\n    TOPN(1002, __DS0Core, 'LocalDateTable_2efb5bfb-4a4e-454c-a67f-f3ef435efc57'[Ano], 0)\r\n\r\nEVALUATE\r\n  __DS0BodyLimited\r\n\r\nORDER BY\r\n  'LocalDateTable_2efb5bfb-4a4e-454c-a67f-f3ef435efc57'[Ano]","RowCount":13}},{"name":"Execute Query","component":"AS","start":"2021-04-24T23:31:41.917Z","end":"2021-04-24T23:31:41.933Z","id":"F195AF60-F70B-4ABA-9102-068EC136ACC0","parentId":"390b3dad-9653-42c6-9150-3d52a1df233b"},{"name":"Serialize Rowset","component":"AS","start":"2021-04-24T23:31:41.933Z","end":"2021-04-24T23:31:41.933Z","id":"526A677F-120C-4780-8A5A-9BBF71DDADA7","parentId":"F195AF60-F70B-4ABA-9102-068EC136ACC0"},{"name":"Visual Container Lifecycle","component":"Report Canvas","start":"2021-04-24T23:31:41.627Z","end":"2021-04-24T23:31:42.324Z","id":"c2061f60d3deaedab690-c1fcb93edd664cb26e05","metrics":{"status":1,"visualTitle":"Admissoes e MetaAbsenteismo por Ano","visualId":"c2061f60d3deaedab690","visualType":"kpi"}},{"name":"Query","component":"Report Canvas","start":"2021-04-24T23:31:41.627Z","end":"2021-04-24T23:31:42.256Z","id":"ddf22a1a6e96021cc26a","parentId":"c2061f60d3deaedab690-c1fcb93edd664cb26e05"},{"name":"Query Generation","component":"Report Canvas","start":"2021-04-24T23:31:41.673Z","end":"2021-04-24T23:31:41.675Z","id":"ba96727432398a9ab453","parentId":"c2061f60d3deaedab690-c1fcb93edd664cb26e05"},{"name":"Render","component":"Report Canvas","start":"2021-04-24T23:31:42.255Z","end":"2021-04-24T23:31:42.324Z","id":"9b49a21baf4c79a3959e","parentId":"c2061f60d3deaedab690-c1fcb93edd664cb26e05"},{"name":"Data View Transform","component":"Report Canvas","start":"2021-04-24T23:31:42.259Z","end":"2021-04-24T23:31:42.260Z","id":"002a18ddbc8be70970c3","parentId":"9b49a21baf4c79a3959e"},{"name":"Execute Semantic Query","component":"DSE","start":"2021-04-24T23:31:41.947Z","end":"2021-04-24T23:31:41.963Z","id":"0b2c28c7-9fad-4b2e-bcba-fd3f441e201f","parentId":"ddf22a1a6e96021cc26a"},{"name":"Query Generation","component":"Report Canvas","start":"2021-04-24T23:31:41.667Z","end":"2021-04-24T23:31:41.669Z","id":"1acfab13d3d573cbee0f","parentId":"ddf22a1a6e96021cc26a"},{"name":"Query Pending","component":"Report Canvas","start":"2021-04-24T23:31:41.767Z","end":"2021-04-24T23:31:41.878Z","id":"eb1f9493cef2504ede20","parentId":"ddf22a1a6e96021cc26a"},{"name":"Parse Query Result","component":"Report Canvas","start":"2021-04-24T23:31:42.252Z","end":"2021-04-24T23:31:42.253Z","id":"63334dc2fb4e501605e9","parentId":"ddf22a1a6e96021cc26a"},{"name":"Execute DAX Query","component":"DSE","start":"2021-04-24T23:31:41.950Z","end":"2021-04-24T23:31:41.962Z","id":"2a734afc-7215-411c-addc-4d45fb16a6db","parentId":"0b2c28c7-9fad-4b2e-bcba-fd3f441e201f","metrics":{"QueryText":"DEFINE\r\n  VAR __DS0FilterTable = \r\n    TREATAS({\"fevereiro\"}, 'LocalDateTable_2efb5bfb-4a4e-454c-a67f-f3ef435efc57'[Mês])\r\n\r\n  VAR __DS0Core = \r\n    SUMMARIZECOLUMNS(\r\n      'LocalDateTable_2efb5bfb-4a4e-454c-a67f-f3ef435efc57'[Ano],\r\n      __DS0FilterTable,\r\n      \"MetaAbsenteismo\", 'Medidas'[MetaAbsenteismo],\r\n      \"Admissoes\", 'Medidas'[Admissoes]\r\n    )\r\n\r\n  VAR __DS0BodyLimited = \r\n    TOPN(1002, __DS0Core, 'LocalDateTable_2efb5bfb-4a4e-454c-a67f-f3ef435efc57'[Ano], 0)\r\n\r\nEVALUATE\r\n  __DS0BodyLimited\r\n\r\nORDER BY\r\n  'LocalDateTable_2efb5bfb-4a4e-454c-a67f-f3ef435efc57'[Ano]","RowCount":13}},{"name":"Execute Query","component":"AS","start":"2021-04-24T23:31:41.953Z","end":"2021-04-24T23:31:41.960Z","id":"BF51C5E7-5FFB-4DE3-807E-EA83F3B73B49","parentId":"2a734afc-7215-411c-addc-4d45fb16a6db"},{"name":"Serialize Rowset","component":"AS","start":"2021-04-24T23:31:41.960Z","end":"2021-04-24T23:31:41.960Z","id":"6869F04E-AF40-4E8C-AE2C-A03175CF3CF0","parentId":"BF51C5E7-5FFB-4DE3-807E-EA83F3B73B49"},{"name":"User Action","component":"Report Canvas","start":"2021-04-24T23:32:17.140Z","id":"07d2b656ecb1f33669ae","metrics":{"sourceLabel":"UserAction_Refresh"}},{"name":"Visual Container Lifecycle","component":"Report Canvas","start":"2021-04-24T23:32:17.145Z","end":"2021-04-24T23:32:17.596Z","id":"ece012620dbe3890332e-3b8da4be1af3c2380d0a","metrics":{"status":1,"visualTitle":"Motivo de Desligamento","visualId":"ece012620dbe3890332e","visualType":"donutChart"}},{"name":"Query","component":"Report Canvas","start":"2021-04-24T23:32:17.146Z","end":"2021-04-24T23:32:17.580Z","id":"b47c559264b37e110ac6","parentId":"ece012620dbe3890332e-3b8da4be1af3c2380d0a"},{"name":"Query Generation","component":"Report Canvas","start":"2021-04-24T23:32:17.157Z","end":"2021-04-24T23:32:17.160Z","id":"e4b63445cb982ae6e64b","parentId":"ece012620dbe3890332e-3b8da4be1af3c2380d0a"},{"name":"Render","component":"Report Canvas","start":"2021-04-24T23:32:17.579Z","end":"2021-04-24T23:32:17.596Z","id":"7312f0940779252d3257","parentId":"ece012620dbe3890332e-3b8da4be1af3c2380d0a"},{"name":"Data View Transform","component":"Report Canvas","start":"2021-04-24T23:32:17.582Z","end":"2021-04-24T23:32:17.583Z","id":"a5a4891849627467a3d7","parentId":"7312f0940779252d3257"},{"name":"Execute Semantic Query","component":"DSE","start":"2021-04-24T23:32:17.560Z","end":"2021-04-24T23:32:17.577Z","id":"d5cc22cf-235d-4313-aa80-11cd62d897e1","parentId":"b47c559264b37e110ac6"},{"name":"Query Generation","component":"Report Canvas","start":"2021-04-24T23:32:17.152Z","end":"2021-04-24T23:32:17.156Z","id":"f70b8e86879b77c61387","parentId":"b47c559264b37e110ac6"},{"name":"Query Pending","component":"Report Canvas","start":"2021-04-24T23:32:17.528Z","end":"2021-04-24T23:32:17.547Z","id":"13bc2168c7e873354cec","parentId":"b47c559264b37e110ac6"},{"name":"Parse Query Result","component":"Report Canvas","start":"2021-04-24T23:32:17.577Z","end":"2021-04-24T23:32:17.578Z","id":"8923527ad9acb31d8c13","parentId":"b47c559264b37e110ac6"},{"name":"Execute DAX Query","component":"DSE","start":"2021-04-24T23:32:17.564Z","end":"2021-04-24T23:32:17.576Z","id":"a71a6082-462c-4e2d-a3c1-69850709f6a7","parentId":"d5cc22cf-235d-4313-aa80-11cd62d897e1","metrics":{"QueryText":"DEFINE\r\n  VAR __H0FilterTable = \r\n    TREATAS({\"fevereiro\"}, 'LocalDateTable_2efb5bfb-4a4e-454c-a67f-f3ef435efc57'[Mês])\r\n\r\n  VAR __DS0FilterTable = \r\n    FILTER(\r\n      KEEPFILTERS(VALUES('Tb_contratacoes'[Status])),\r\n      NOT('Tb_contratacoes'[Status] IN {\"Ativo\"})\r\n    )\r\n\r\n  VAR __DS0Core = \r\n    SUMMARIZECOLUMNS(\r\n      'Tb_contratacoes'[Status],\r\n      __DS0FilterTable,\r\n      \"CountStatus\", CALCULATE(COUNTA('Tb_contratacoes'[Status])),\r\n      \"Tb_contratacoesCountStatus\", IGNORE(\r\n        CALCULATE(COUNTA('Tb_contratacoes'[Status]), KEEPFILTERS(__H0FilterTable))\r\n      )\r\n    )\r\n\r\n  VAR __DS0BodyLimited = \r\n    TOPN(1002, __DS0Core, [CountStatus], 0, 'Tb_contratacoes'[Status], 1)\r\n\r\nEVALUATE\r\n  __DS0BodyLimited\r\n\r\nORDER BY\r\n  [CountStatus] DESC, 'Tb_contratacoes'[Status]","RowCount":2}},{"name":"Execute Query","component":"AS","start":"2021-04-24T23:32:17.570Z","end":"2021-04-24T23:32:17.573Z","id":"2C955A98-9591-48C7-9B39-8B1FF158151A","parentId":"a71a6082-462c-4e2d-a3c1-69850709f6a7"},{"name":"Serialize Rowset","component":"AS","start":"2021-04-24T23:32:17.573Z","end":"2021-04-24T23:32:17.573Z","id":"C9CF792A-F011-41D7-8B18-51CA6C8DD5E8","parentId":"2C955A98-9591-48C7-9B39-8B1FF158151A"}],"sessionId":"cdad99e6-105e-444d-9106-f56522950ce6"}